parent.pop,elevation.group,elev_m,year,ann_tmean,mean_diurnal_range,temp_seasonality,temp_ann_range,ann_ppt,ppt_seasonality,tmean_wettest_month,tmean_driest_month,ppt_warmest_month,ppt_coldest_month
BH,Low,511.4294422,1965,11.215,13.485,4.47661144170454,27.63,575.61,96.1050319265338,11.53,18.83,0,212.22
BH,Low,511.4294422,1966,12.5375,14.5425,5.830360194704954,31.209999999999997,361.32,115.51057293542564,6.744999999999999,21.814999999999998,0.46,149.34
BH,Low,511.4294422,1967,10.974375,13.60875,5.065384231301145,29.86,651.7900000000001,81.6322377040181,8.004999999999999,16.57,17.21,201.83
BH,Low,511.4294422,1968,12.225625,14.50375,5.54264147799327,33.01,452.94000000000005,76.0326594550962,6.03,22.869999999999997,0,136.7
BH,Low,511.4294422,1969,11.62875,13.745000000000001,4.991587744824859,26.75,832.4200000000001,105.4589553718118,6.75,17.96,4.9,320.83
BH,Low,511.4294422,1970,12.316875,14.49125,5.1101767774147095,28.990000000000002,641.5000000000001,83.22281630970174,8.725,18.045,34.95,191.04
BH,Low,511.4294422,1971,10.65875,14.0475,5.044896112479849,30.18,371.07,91.58784050966773,5.04,20.6,0,138.73
BH,Low,511.4294422,1972,11.7875,13.962499999999999,6.527624267023077,33.26,323.50000000000006,119.05177792573915,8.785,13.22,1.05,144.26
BH,Low,511.4294422,1973,12.193125,13.19875,6.188065089635969,32.16,678.8899999999999,81.94356792806904,9.375,19.56,0.68,181.06
BH,Low,511.4294422,1974,11.774375000000001,14.03875,5.582197108090274,31.400000000000002,451.79999999999995,80.82141837124227,10.495,17.385,0.03,129.3
BH,Low,511.4294422,1975,10.755625,14.30375,5.378496495636251,31.07,472.38,108.12848677449695,7.73,21.3,0.77,169.01
BH,Low,511.4294422,1976,11.8125,15.512500000000001,5.32266917465825,31.49,223.31,106.43731142710816,8.53,21.185,0.21,92.56
BH,Low,511.4294422,1977,12.084375,14.02375,5.398701191358105,31.979999999999997,430.09000000000003,109.9166042809805,9.865,15.110000000000001,21.16,196.26
BH,Low,511.4294422,1978,11.99,12.7,5.026705822760213,31.11,872.65,77.83399109542101,9.41,17.54,2.66,226.73
BH,Low,511.4294422,1979,12.221875,13.97125,5.5006349876952525,31.14,564.9700000000001,87.48273601535428,6.515,22.400000000000002,0,176.73
BH,Low,511.4294422,1980,12.24625,13.7525,3.6498030768796275,25.08,587.39,114.80420665149076,9.065000000000001,19.34,0,236.09
BH,Low,511.4294422,1981,13.5275,13.33,5.33296085008801,30.04,536.83,77.42459113734687,12.57,24.575,0,129.57
BH,Low,511.4294422,1982,11.23875,12.372499999999999,5.193810017703767,27.96,975.9099999999999,64.95380945208336,5.635,18.12,14.33,202.88
BH,Low,511.4294422,1983,11.69375,11.69,4.673426969885925,26.95,1086.44,63.875742674051324,9.93,20.675,0,240.85
BH,Low,511.4294422,1984,12.013125,13.73875,5.43418737353749,28.84,321.09000000000003,104.098788639249,9.825,19.35,12.99,132.83
BH,Low,511.4294422,1985,11.830625000000001,13.04625,6.242363584813048,31.600000000000005,412.15999999999997,95.02608139026225,9.3,16.84,6.31,135.53
BH,Low,511.4294422,1986,13.376875,13.43375,4.588006832648418,29.32,542.8100000000001,146.698935398537,10.095,22.33,0,287.77
BH,Low,511.4294422,1987,12.44125,13.647499999999999,6.042899463715362,31.68,407.53,82.08083945569331,8.99,22.79,1.04,109.04
BH,Low,511.4294422,1988,12.273125,14.20125,4.678995571014299,28.91,443.0799999999999,72.45823524692669,11.04,20.945,1.84,99.27
BH,Low,511.4294422,1989,12.27125,14.16,5.641821356112377,31.599999999999998,265.06000000000006,120.20163648449062,11.3,7.2250000000000005,0.85,125
BH,Low,511.4294422,1990,11.79875,14.1725,5.684165820191084,31.86,345.86,65.70612439747052,7.285,21.39,0,88.22
BH,Low,511.4294422,1991,11.82375,13.5675,4.2968399933638945,27.98,477.00999999999993,175.44750024092812,7.8999999999999995,15.225000000000001,4.49,318.76
BH,Low,511.4294422,1992,13.090625,13.00375,6.0939052910616,29.5,469.97999999999996,121.63308949806158,10.649999999999999,21.08,1.77,174.93
BH,Low,511.4294422,1993,12.218125,13.231250000000001,4.759373411265094,27.51,667.8,110.8807760522647,6.98,12.919999999999998,33.56,288.94
BH,Low,511.4294422,1994,12.046875,13.62125,5.460659914005684,30.599999999999998,405.41,63.924928431165256,7.91,22.14,0.55,98.73
CC,Low,313,1965,12.305,12.219999999999999,4.941182623045389,27.59,852.5999999999999,91.14066550222631,7.57,20.244999999999997,1.96,257.82
CC,Low,313,1966,13.24,13,5.9779834153571985,29.42,824.0300000000001,97.78133536163163,12.21,22.675,1.1,291.11
CC,Low,313,1967,11.99875,12.6425,5.110231858033169,27.919999999999998,1043.3,84.13070567783322,8.035,18.205,51.28,353.27
CC,Low,313,1968,12.7475,13.46,5.646276269745018,32,899.6700000000001,80.03228676041003,5.984999999999999,23.134999999999998,9.69,232.97
CC,Low,313,1969,12.336875,12.67125,5.363456999188384,26.59,1256.73,102.81898842224358,6.125,19.380000000000003,14.41,415.36
CC,Low,313,1970,13.048125,12.303749999999999,5.183154677483037,27.83,1245.6299999999999,103.92945189508822,9.285,19.064999999999998,23.79,456.52
CC,Low,313,1971,11.418125,13.02375,4.8037202380030415,28.080000000000002,603.66,86.98888178543784,5.49,8.59,10.48,185.79
CC,Low,313,1972,12.306875000000002,12.63875,6.207514419464296,31.88,656.2499999999999,79.09274312940451,9.415,22.835,10.15,205.88
CC,Low,313,1973,12.868125,11.66625,6.238184223851864,30.479999999999997,1355.0600000000002,91.53125717278886,9.825,23.634999999999998,4.89,383.86
CC,Low,313,1974,12.25875,12.3925,5.489106582261686,29,826.2400000000001,94.10390523062581,11.09,18.064999999999998,7.92,294.79
CC,Low,313,1975,11.765625,12.50875,5.4000869288638045,29.2,815.59,110.10503367428947,8.365,22.015,5.34,322.39
CC,Low,313,1976,12.900625,14.39125,4.919102297240248,29.09,248.96,84.36348141942722,9.925,19.395,3.08,75.99
CC,Low,313,1977,13.022499999999999,12.805,5.506587613291661,31.72,556.5600000000001,94.1772107881652,9.635,24.450000000000003,0.14,214.44
CC,Low,313,1978,12.605625,11.581249999999999,5.124316984103484,29.32,1063.94,91.62131117884229,9.39,21.62,4.2,373.14
CC,Low,313,1979,12.615,12.515,5.380112186828183,29.77,944.3499999999999,69.21244123892485,8.255,22.424999999999997,0.12,230.49
CC,Low,313,1980,12.938125,12.13125,3.7813932971666864,23.119999999999997,872.7999999999998,97.5985664867427,10.95,19.5,13.86,281.71
CC,Low,313,1981,13.885625,11.55375,5.496579740100722,28.85,1131.64,89.27689576267888,12.629999999999999,24.62,0.05,347.21
CC,Low,313,1982,11.951875000000001,11.50625,5.413169085994953,27.08,1163.84,61.336181407398485,9.32,19.645,22.25,236.06
CC,Low,313,1983,12.2675,10.8025,4.823986199932879,26.689999999999998,1800.33,68.37621505458064,10.52,21.415,12.88,398.09
CC,Low,313,1984,12.611875,12.75125,5.348090405195377,27.889999999999997,618.9300000000001,103.34732413811025,9.620000000000001,19.52,16.25,249.65
CC,Low,313,1985,12.3125,13.254999999999999,6.2113605594909735,32.160000000000004,532.1899999999999,99.76147990829189,8.77,17.1,1.01,180.48
CC,Low,313,1986,13.65,12.825,4.593529610845486,28.25,1027.2,112.21298574669875,11.004999999999999,22.45,1.17,437.59
CC,Low,313,1987,13.25625,12.815,6.091329757473791,30.61,853.6000000000001,93.84551677314946,7.53,23.08,0,279.75
CC,Low,313,1988,12.904375,13.11875,4.363744654618816,26.86,759.91,91.93555326838705,10.68,11.735,19.31,264.32
CC,Low,313,1989,12.91375,13.1675,5.366137710548569,28.31,598.7700000000001,152.87339672812408,11.36,8.36,11.53,354.38
CC,Low,313,1990,12.356874999999999,13.49625,5.498627710295413,29.990000000000002,659.38,85.42627176093673,7.66,20.925,1.9,209.83
CC,Low,313,1991,12.331875,13.00625,4.211133998529544,26.560000000000002,803.39,141.87788395174385,8.265,20.22,25.46,447.95
CC,Low,313,1992,13.694374999999999,12.38625,5.859174391803969,28.400000000000002,847.46,96.19475170501464,11.485,21.485,40.09,276.17
CC,Low,313,1993,12.633125,11.68375,4.960513321291889,26.32,1198.7500000000002,83.60997795200653,7.22,21.32,41.42,411.29
CC,Low,313,1994,12.380625,12.668750000000001,5.477383002271379,28.830000000000002,791.89,81.76242545075736,6.145,21.84,1.13,221.54
CP2,High,2244.132886,1965,9.929,14.89,4.870140398386888,25.82,536.77,123.98877429600952,1.8749999999999998,14.23,16.37,328.02
CP2,High,2244.132886,1966,11.279,14.626,5.33534605250681,27.009999999999998,292.97,202.03151742217491,3.25,8.834999999999999,9.61,273.86
CP2,High,2244.132886,1967,11.666,13.796000000000001,4.856072744512792,24.78,258.53,68.44742716000157,4.785,15.7,49.34,104.97
CP2,High,2244.132886,1968,10.218,13.284,5.381536258355973,26.36,367.81000000000006,120.83710837952954,2.16,16.11,2.9,224.01
CP2,High,2244.132886,1969,10.685,13.846,5.550141890078126,26.25,252.55,110.81481088739535,5.265000000000001,15.559999999999999,0,124.24
CP2,High,2244.132886,1970,10.614,13.712,5.791625851175126,25.89,411.47999999999996,187.5729540713289,2.865,16.105,0,359
CP2,High,2244.132886,1971,9.758000000000001,13.927999999999999,6.315118367853448,27.75,288.96999999999997,137.62914155811612,1.5150000000000001,15.094999999999999,13.37,201.28
CP2,High,2244.132886,1972,9.583,13.466000000000001,6.485143213530446,28.48,333.24,106.42943541033264,0.7350000000000003,16.105,0.06,179.46
CP2,High,2244.132886,1973,9.915,14.094,6.279784032910686,27.83,630.24,143.00721702404164,0.125,15.29,10.84,442.62
CP2,High,2244.132886,1974,11.129999999999999,15.004,5.372285360998614,26.93,273.09,76.28912005545926,14.47,14.62,19.05,96.51
CP2,High,2244.132886,1975,9.972,13.863999999999999,5.975107321211897,26.63,398.3,115.13410736729385,5.58,15.07,1.5,235.43
CP2,High,2244.132886,1976,10.724,14.556,3.660326829669722,24.34,248.98000000000002,43.990461948440675,11.629999999999999,8.504999999999999,32.83,87.32
CP2,High,2244.132886,1977,11.488999999999999,14.778,5.2573096732073905,27.2,208.66000000000003,144.1442563746878,3.6799999999999997,16.58,3.36,149.86
CP2,High,2244.132886,1978,10.457,14.362,5.890368833952589,27.99,253.57999999999998,123.64357650298926,10.48,10.55,9.37,136.5
CP2,High,2244.132886,1979,10.703999999999999,13.856,5.84741011046771,26.959999999999997,306.76,105.04314960155365,1.5350000000000001,14.674999999999999,35.57,135.87
CP2,High,2244.132886,1980,11.014,13.735999999999999,4.634771299643597,24.159999999999997,117.4,53.54581957130085,4.155,14.525,23.85,36.6
CP2,High,2244.132886,1981,11.257000000000001,13.786,6.552850143258277,27.310000000000002,555.7199999999999,141.76677868243317,2.49,17.330000000000002,0.5,373.24
CP2,High,2244.132886,1982,9.418,12.032,6.4447736577788355,27.41,692.4300000000001,91.3037611300162,0.08499999999999996,14.6,14.53,289.92
CP2,High,2244.132886,1983,9.859,11.746,5.657767227449358,24.16,806.3500000000001,144.5873469108993,0.5149999999999999,12.834999999999999,47.55,573.34
CP2,High,2244.132886,1984,10.391,12.209999999999999,7.529810256573534,28.38,519.7199999999999,137.6851584674636,0.2400000000000002,15.995000000000001,25.23,348.28
CP2,High,2244.132886,1985,10.163,12.418,6.95502390362535,29.41,476.04,109.89158694207379,0.08500000000000041,15.684999999999999,12,266.44
CP2,High,2244.132886,1986,10.494,13.032,5.389894943317541,26.42,148.38,116.15890095323707,8.715,17.48,1.53,89.21
CP2,High,2244.132886,1987,12.199,13.610000000000001,5.862089431252307,27.84,139.68,120.46387856931082,2.54,17.545,1.7,78.98
CP2,High,2244.132886,1988,12.868,13.475999999999999,6.773220799590104,28.63,291.72999999999996,197.11873098359357,1.5550000000000002,12.545,6.68,267.57
CP2,High,2244.132886,1989,11.238,13,5.218956552798653,25.509999999999998,415.77,81.9316760437461,6.85,17.189999999999998,0.06,153.29
CP2,High,2244.132886,1990,11.831999999999999,13.368,5.31333887494483,26.25,156.34,40.55916799863332,3.4699999999999998,10.01,21.28,52.67
CP2,High,2244.132886,1991,12.361,13.082,5.392959994288851,25.43,265,96.05832865207138,10.395,15.855,19.92,127.44
CP2,High,2244.132886,1992,11.711,13.006,5.701570397706232,27,251.73,88.5346836894107,9.775,13.930000000000001,35.68,127.88
CP2,High,2244.132886,1993,10.91,14.112,4.964896776369072,25.29,129.20000000000002,130.29423874135838,9.05,14.08,0.94,65.96
CP2,High,2244.132886,1994,10.784,14.028,8.612667560053621,33.58,392.89,169.32289222308955,-2.38,17.75,1.4,316.64
CP3,High,2266.382201,1965,9.291,14.582,4.84916410322439,25.53,533.0300000000001,121.05805319779579,1.2650000000000001,9.49,17.88,317.54
CP3,High,2266.382201,1966,10.676,14.268,5.33904883851047,26.729999999999997,284.98,201.31631097320493,2.65,8.195,10.65,265.72
CP3,High,2266.382201,1967,10.972,13.303999999999998,4.837321831344282,24.29,254.04999999999998,67.15339172324936,4.15,15.044999999999998,51.97,102.78
CP3,High,2266.382201,1968,9.594,12.804,5.3728430555898425,26,358.23,119.95288644542646,1.5699999999999998,15.504999999999999,3.57,217.07
CP3,High,2266.382201,1969,10.065,13.286000000000001,5.522905711670262,25.67,242.31,109.67486305904275,4.585,14.9,0,118.14
CP3,High,2266.382201,1970,9.995,13.142,5.829273110774619,25.42,402.86999999999995,187.65940145424105,2.315,15.600000000000001,0.01,351.83
CP3,High,2266.382201,1971,9.131,13.398,6.293849577166585,27.16,286.03000000000003,133.88308384632882,1.0349999999999997,14.49,15.96,195.73
CP3,High,2266.382201,1972,9.007,12.954,6.52177468178716,28.12,329.86,104.22326314787315,0.20999999999999996,15.59,0.1,173.55
CP3,High,2266.382201,1973,9.302999999999999,13.75,6.293163552618031,27.61,619.6899999999999,140.35382374825656,-0.4750000000000001,14.705,11.03,429.83
CP3,High,2266.382201,1974,10.459999999999999,14.728,5.3143967202308104,26.5,258.96000000000004,77.55037989470935,13.854999999999999,13.889999999999999,17.03,93.84
CP3,High,2266.382201,1975,9.323,13.486,5.977336990667333,26.42,383.34000000000003,114.12552127756584,4.85,14.525,1.38,225.22
CP3,High,2266.382201,1976,10.062999999999999,14.254,3.689575856382411,24.11,245.41,42.53793521288963,11.03,7.74,35.96,85.45
CP3,High,2266.382201,1977,10.83,14.472000000000001,5.257846517349094,26.96,198.06,142.04432904707642,3.1,15.98,3.02,140.8
CP3,High,2266.382201,1978,9.777,14.046,5.901401952078844,27.8,243.12,120.00695228009683,9.809999999999999,9.745000000000001,10.89,126.45
CP3,High,2266.382201,1979,10.051,13.538000000000002,5.857471084008867,26.810000000000002,301.2,100.73816883371055,0.9049999999999998,13.98,41.69,129.81
CP3,High,2266.382201,1980,10.335,13.346,4.630107990101311,23.85,116.20999999999998,50.56467318119016,3.55,13.91,24.6,35.3
CP3,High,2266.382201,1981,10.629999999999999,13.379999999999999,6.559187259104591,27.009999999999998,536.22,142.3651365918258,1.8299999999999998,16.759999999999998,1.22,362.25
CP3,High,2266.382201,1982,8.773,11.574,6.459522621680336,27.05,666.6300000000001,89.42740729540508,-0.5049999999999999,13.985000000000001,16.28,275.73
CP3,High,2266.382201,1983,9.185,11.25,5.624053253659676,23.73,770.6299999999999,142.63254172145832,-0.07499999999999996,12.23,49.88,542.65
CP3,High,2266.382201,1984,9.733,11.75,7.517927407204728,28.03,502.25,135.98386361980042,-0.30500000000000016,15.395,28.02,333.93
CP3,High,2266.382201,1985,9.593,12.026,6.956610704933833,29.08,453.23999999999995,108.84747973969667,-0.4299999999999997,15.18,13.08,252.6
CP3,High,2266.382201,1986,9.869,12.594,5.456379752180011,26.08,148.44,115.94482428579443,8.03,16.97,1.43,88.39
CP3,High,2266.382201,1987,11.656,13.264000000000001,5.858428116824512,27.61,133.29999999999998,121.00137532431812,2.0700000000000003,17.075,1.81,76.88
CP3,High,2266.382201,1988,12.286,13.2,6.787738393603572,28.46,287.75999999999993,196.52400130201173,0.9850000000000001,11.92,7.17,263.34
CP3,High,2266.382201,1989,10.652,12.78,5.2488458255124995,25.369999999999997,399.65999999999997,79.56991474272752,6.1450000000000005,16.674999999999997,0.09,140.66
CP3,High,2266.382201,1990,11.269,13.022,5.351661424268168,26.14,160.9,39.24568534233431,2.9000000000000004,9.32,22.45,52.29
CP3,High,2266.382201,1991,11.719,12.758,5.406580943627867,25.25,266.89,90.92294855178008,9.6,15.32,22.47,124.01
CP3,High,2266.382201,1992,10.972,12.78,5.71692399809548,26.82,249.48,87.41940009611429,8.93,13.294999999999998,35.97,125.25
CP3,High,2266.382201,1993,10.192,13.988,4.990013276535445,25.189999999999998,120.98,129.66964207572997,8.17,13.530000000000001,1,61.44
CP3,High,2266.382201,1994,10.09,13.7,8.655054159275954,33.55,387.79,168.61039153773507,-3.0700000000000003,17.095,1.87,311.61
DPR,Mid,1018.591893,1965,14.193888888888889,13.856666666666667,6.117995371125342,31.759999999999998,803.7,126.00131124963544,7.89,21.79,0,283.64
DPR,Mid,1018.591893,1966,15.642777777777777,14.827777777777778,5.771160580372412,31.139999999999997,735.5400000000001,167.74603784210365,8.8,19.125,0,368.55
DPR,Mid,1018.591893,1967,14.705555555555556,13.871111111111112,7.8720297749549815,35.36,785.81,107.79560664433248,3.52,24.3875,0,275.74
DPR,Mid,1018.591893,1968,14.288333333333334,14.796666666666667,6.388978791637989,33.27,739.07,132.59416776390782,2.9499999999999997,22.67,0.12,312.23
DPR,Mid,1018.591893,1969,14.90611111111111,15.101111111111111,5.799961625830909,30.21,768.6300000000001,158.62893478860533,6.4399999999999995,22.28,0,423.29
DPR,Mid,1018.591893,1970,14.858333333333334,14.001111111111111,7.0476090803903135,32.620000000000005,1001.2700000000001,156.98108721938212,3.1799999999999997,23.275,0,453.94
DPR,Mid,1018.591893,1971,13.866111111111111,14.205555555555556,7.2882875979966055,34.709999999999994,706.1600000000001,127.50878317176749,1.9,22.990000000000002,4.53,321.18
DPR,Mid,1018.591893,1972,14.130555555555555,14.370000000000001,7.099328508935038,34.77,803.3600000000001,106.42046504097456,6.375,22.4225,0,266
DPR,Mid,1018.591893,1973,15.020555555555555,14.367777777777778,6.435605762302239,30.42,1121.6799,156.88041185453295,5.725,22.715,0,566.1799
DPR,Mid,1018.591893,1974,15.550555555555556,14.834444444444445,6.6302702831617495,31.34,525.0600000000001,92.25827803700108,8.91,22.13,2.2,136.99
DPR,Mid,1018.591893,1975,14.472777777777779,14.383333333333333,6.556048786765123,29.82,598.1899999999999,107.5172019407201,11.879999999999999,21.525,2.91,210
DPR,Mid,1018.591893,1976,15.325555555555555,15.53111111111111,4.933768491506039,30.53,248.74,99.12633023346214,18.55,22.405,0,67.31
DPR,Mid,1018.591893,1977,15.463888888888889,13.987777777777778,6.044377954852849,28.46,692.5699999999999,160.6189882059415,7.21,21.345,7,378.49
DPR,Mid,1018.591893,1978,14.692222222222222,14.239999999999998,6.632387914201373,32.55,592.67,131.09738941247107,8.605,20.75,0,259.68
DPR,Mid,1018.591893,1979,15.362777777777778,14.501111111111111,5.796544289009137,28.66,731.5500000000001,103.44106433613862,7.484999999999999,19.41,9.22,232.45
DPR,Mid,1018.591893,1980,15.241666666666667,14.43,4.99642559736458,27.849999999999998,389.21000000000004,92.22354031257501,8.355,21.355,22.25,118.52
DPR,Mid,1018.591893,1981,15.874444444444444,14.464444444444444,6.320161412319924,29.75,1274.93,141.74850014127472,7.07,23.432499999999997,0,490.1
DPR,Mid,1018.591893,1982,13.968333333333334,13.947777777777778,6.269897826121252,31.49,1278.7099999999998,100.21287340189997,6.625,22.095,2.22,317.84
DPR,Mid,1018.591893,1983,14.297777777777776,13.24,6.266548148258692,28.07,1466.3699000000001,130.12380848696142,7.035,19.494999999999997,7.5,539.2499
DPR,Mid,1018.591893,1984,15.057222222222222,14.107777777777779,7.533136013271261,34.34,734.5899999999999,133.24028509386315,6.5200000000000005,24.595,0,353.51
DPR,Mid,1018.591893,1985,15.478333333333333,14.005555555555556,6.386688793889992,31.400000000000002,579.2500000000001,143.1212493132307,6.33,24.575000000000003,0.33,275.48
DPR,Mid,1018.591893,1986,15.480555555555554,14.06111111111111,5.644662547732838,31.07,342.28999999999996,124.55597007800858,15.594999999999999,22.195,0,155.13
DPR,Mid,1018.591893,1987,16.29722222222222,13.974444444444444,6.284352647205951,31.52,538.86,191.03720358786362,3.835,21.89,0,359.02
DPR,Mid,1018.591893,1988,16.08222222222222,13.702222222222222,6.9272172042202085,32.86,768.9300000000001,148.67424058620585,7.76,24.295,0,383.47
DPR,Mid,1018.591893,1989,15.830555555555556,14.134444444444444,4.79872863660551,29.09,487.97999999999996,102.33500810595392,13.565000000000001,15.85,0,158.39
DPR,Mid,1018.591893,1990,15.656666666666666,14.042222222222222,6.3395011633408505,33.36,368.95,135.3426154132736,13.864999999999998,22.24,0.06,180
DPR,Mid,1018.591893,1991,15.731111111111112,13.924444444444445,6.287276724553414,29.93,544.18,77.72236736831786,18.13,23.5,0,119.31
DPR,Mid,1018.591893,1992,16.425555555555555,14.04888888888889,6.413047464176278,33.36,674.0000000000001,167.1694648441202,4.1000000000000005,22.7525,0,391.06
DPR,Mid,1018.591893,1993,15.115555555555556,13.535555555555556,5.768218661578094,29.13,600.5300000000001,89.80904200164751,5.56,21.3,11.19,189.93
DPR,Mid,1018.591893,1994,15.247777777777777,13.348888888888888,7.257287333738718,31.75,792.5799999999999,137.93715890507698,5.050000000000001,23.92,0,305.76
FR,Mid,787,1965,13.806666666666667,16.66888888888889,6.169519328926687,35.47,585.0500000000001,125.8752875749802,7.475,21.575,0,236.24
FR,Mid,787,1966,15.114444444444445,18.235555555555557,5.996058311739286,34.47,561.37,167.05146840423728,8.14,20.19,0.31,270.05
FR,Mid,787,1967,14.280555555555557,17.038888888888888,7.778069508417739,38.940000000000005,527.6899999999999,95.55406716653904,2.2,22.89,2.08,147.11
FR,Mid,787,1968,14.092777777777778,17.543333333333333,6.702603557159296,36.46,563.1800000000001,147.26037274625486,2.07,22.625,0.94,291.47
FR,Mid,787,1969,14.80888888888889,18.006666666666668,6.393562571924288,34.43,581.62,169.53363148561294,5.285,22.355,0,350.68
FR,Mid,787,1970,14.371111111111112,17.328888888888887,7.186735514899037,35.37,734.89,150.66179737376933,7.92,22.832500000000003,0,298.74
FR,Mid,787,1971,13.435555555555556,16.62888888888889,7.4341607816738655,37.540000000000006,518.67,118.07496823872124,1.06,22.985,1.08,224.82
FR,Mid,787,1972,13.736666666666666,16.56,7.468809309387942,37.709999999999994,569.34,95.14692841655368,5.6499999999999995,22.509999999999998,0,165.77
FR,Mid,787,1973,14.670555555555556,16.565555555555555,6.680543318307111,32.87,784.74,157.24941703868026,5.295,22.835,1.6,392.73
FR,Mid,787,1974,14.819444444444445,17.57,6.656059947730172,33.28,348.03,96.0176286657732,3.9000000000000004,21.005000000000003,6.25,112.49
FR,Mid,787,1975,13.881666666666666,16.734444444444446,6.5910516990841455,31.77,376.18,98.03216136124739,11.22,21.595,4.49,132.79
FR,Mid,787,1976,14.612222222222222,17.982222222222223,5.512445640951432,35.14,164.09,91.62908296909015,8.75,22.57,0,44.14
FR,Mid,787,1977,15.086666666666666,16.997777777777777,6.2144363179615905,31.349999999999998,490.67999999999995,136.90840921035291,6.085,22.045,4.24,238.61
FR,Mid,787,1978,14.100555555555555,16.956666666666667,6.8243490735584285,35.52,363.56,113.93178486218382,9.07,15.87,5.19,151.44
FR,Mid,787,1979,14.873888888888889,17.17888888888889,6.006470874074985,31.45,527.53,107.3235488935416,5.885,21.335,0.03,185.35
FR,Mid,787,1980,14.590555555555556,16.86111111111111,5.320793787375881,31.11,403.81,129.54955306584313,6.180000000000001,20.465,12.14,196.26
FR,Mid,787,1981,15.56388888888889,16.523333333333333,6.4953597753404795,32.56,934.9699999999999,132.46227012977891,8.485,22.995000000000005,0,392.01
FR,Mid,787,1982,13.574444444444444,15.446666666666665,6.564795048421373,32.62,853.6299999999999,100.68627427253647,3.7100000000000004,15.68,3.65,222.7
FR,Mid,787,1983,13.873888888888889,14.963333333333333,6.230891678653314,29.31,969.0000000000001,133.10166554355862,4.46,19.23,7.48,371.81
FR,Mid,787,1984,14.515,16.016666666666666,7.538113159140024,36.32,499.30999999999995,138.55434167759495,5.665,24.185,5.6,255.17
FR,Mid,787,1985,14.770000000000001,16.47111111111111,6.959344437517087,35.050000000000004,339.26,127.02340822692835,5.125,21.17,2,140.76
FR,Mid,787,1986,14.836666666666666,16.56222222222222,6.044784425436527,34.52,296.53,113.97238957691677,15.059999999999999,21.53,1.61,120.97
FR,Mid,787,1987,15.825555555555555,17.16888888888889,6.429587586134726,34.24,335.52000000000004,195.86891401790024,3.21,22.675,0,232.95
FR,Mid,787,1988,15.438333333333333,16.732222222222223,7.00691667211763,35.79,465.77,140.77445102532099,6.905,19.755,5.12,227.6
FR,Mid,787,1989,14.540000000000001,16.926666666666666,5.16315673788817,32.24,407.81999999999994,108.9364100594786,11.62,20.955000000000002,0,160.21
FR,Mid,787,1990,14.44,16.555555555555554,6.7432697929120415,36.3,275.7699999999999,90.44492632480191,13.095,22.4,0,97.46
FR,Mid,787,1991,15.086666666666666,16.873333333333335,6.578719955280055,33.730000000000004,324.23,86.99666820342881,4.745,23.255000000000003,0,101.01
FR,Mid,787,1992,15.694444444444445,16.39777777777778,6.843064209678131,35.89,494.13000000000005,160.26022935145932,2.535,19.79,1.58,286.24
FR,Mid,787,1993,14.375,16.00777777777778,6.073447846981153,31.94,474.38000000000005,85.2326541632851,4.25,20.72,9.94,140.1
FR,Mid,787,1994,14.714444444444444,16.491111111111113,7.5981632009175595,36.25,504.37999999999994,137.45238655561496,3.9250000000000003,23.4825,0,207.65
IH,Low,454.1298385,1965,13.2705,13.565,6.604091934382636,33.05,953.1000000000001,99.74009139955382,6.34,23.36,0.02,247.65
IH,Low,454.1298385,1966,14.239,14.31,7.200153084792325,33.93,810.7699999999999,113.5217248298872,10.84,24.84,0.01,276.47
IH,Low,454.1298385,1967,13.7995,13.647,8.061066048193211,37.11,1140.2700000000002,101.65551978390023,7.155,26.497500000000002,0,340.91
IH,Low,454.1298385,1968,13.9325,14.161,6.858465673085262,34.059999999999995,931.3300000000002,93.77144085116795,4.95,24.799999999999997,0,229.79
IH,Low,454.1298385,1969,13.5105,14.205,7.1939212186400825,33.49,1398.4799,126.7687642320716,5.640000000000001,24.41,0,528.8599
IH,Low,454.1298385,1970,14.044,13.826,7.029237670062254,32.78,1345.4599999999998,123.72124037938337,7.655,24.3525,0,459.4
IH,Low,454.1298385,1971,13.103,13.978,7.406480720738202,34.589999999999996,789.2399999999999,109.21001496089661,4.170000000000001,24.52,0.12,261.93
IH,Low,454.1298385,1972,13.6875,14.295,7.538603705815377,35.6,724.04,94.71565919606363,7.735,23.905,0,201.05
IH,Low,454.1298385,1973,13.655,13.379999999999999,7.347680662026018,33.03,1455.75,110.03516688602514,8.25,23.345,0,384.66
IH,Low,454.1298385,1974,13.7555,13.891,7.224499771225994,32.379999999999995,956.67,97.73880231052904,9.795,16.755,0.43,302.48
IH,Low,454.1298385,1975,13.188,14.1,6.930457416361492,31.199999999999996,926.81,113.48502014261965,7.34,23.255,1.16,304.19
IH,Low,454.1298385,1976,13.8125,15.365,6.15985445805698,33.03,317.71000000000004,90.1883270839829,8.615,20.987500000000004,0,84.87
IH,Low,454.1298385,1977,14.376000000000001,14.202,7.111365238514723,33.14,661.6500000000001,117.34565548921711,8.93,23.130000000000003,5.4,260.01
IH,Low,454.1298385,1978,13.9955,12.997,6.873866957138787,33.71,1144.21,108.97910588605713,8.48,24.1275,0,377.47
IH,Low,454.1298385,1979,13.7615,13.629,6.801638711859567,31.57,1009.6299999999999,90.70232946035058,6.93,21.3,8.05,236.8
IH,Low,454.1298385,1980,14.006499999999999,13.543,5.7068107701821225,29.57,1011.56,124.84153645980837,8.19,22.65,20.32,344.26
IH,Low,454.1298385,1981,14.9645,13.735,6.763291214753032,30.58,1230.95,113.03654303883755,11.25,24.023333333333333,0,353.84
IH,Low,454.1298385,1982,13.011,13.064,6.943760508542904,32.32,1376.8400000000001,84.93219506526484,8.37,23.5,0.83,277.92
IH,Low,454.1298385,1983,13.3115,12.141,6.368462682974946,30.180000000000003,1868.48,88.80973373994219,9.065000000000001,21.395,6.66,406.89
IH,Low,454.1298385,1984,14.214,14.200000000000001,7.30878535280202,34.39,665.42,121.03333409201139,8.49,25.6,0,262.83
IH,Low,454.1298385,1985,14.071,14.286,7.612545128492398,34.49,664.7600000000001,119.21085090763079,7.995,15.725000000000001,0.29,223.11
IH,Low,454.1298385,1986,15.2335,13.713000000000001,6.127142731776007,32.08,1062.5699000000002,158.01635865710728,9.895,24.237499999999997,0,535.6899
IH,Low,454.1298385,1987,14.4995,13.645,6.873366250325317,32.49,761.7300000000001,111.21773009172763,6.305,22.7075,0,232.67
IH,Low,454.1298385,1988,14.769,13.856000000000002,6.835729173492272,33.720000000000006,766.9300000000001,109.95457919954694,10.075,24.64,0.14,250.91
IH,Low,454.1298385,1989,14.422500000000001,13.813,6.632577113510756,32.36,695.5100000000001,177.8029798844928,10.475,8.755,0.01,416.74
IH,Low,454.1298385,1990,14.1135,13.917,7.180220922785037,34.55,635.6299999999999,102.1698620413051,7.209999999999999,22.956666666666667,0,196.21
IH,Low,454.1298385,1991,13.967,13.558,6.332478977462144,31.83,840.11,152.17962230287404,7.1049999999999995,25.085,0,441.9
IH,Low,454.1298385,1992,15.1035,13.517,6.929009889988292,33.59,872.7299999999999,129.99090137606638,5.935,25.625,0,300.79
IH,Low,454.1298385,1993,13.928,12.938,6.345988321591664,30.16,1152.1399999999999,97.35231284718878,6.465000000000001,23.015,1.81,363.86
IH,Low,454.1298385,1994,14.001000000000001,13.963999999999999,7.2760962518830565,33,823.41,108.29981532175965,6.85,24.7825,0,230.4
LV1,High,2593.416641,1965,6.348750000000001,14.5075,5.041736432024189,23.700000000000003,597.23,128.23477896428358,-0.18999999999999995,6.675000000000001,148.3,422.22
LV1,High,2593.416641,1966,8.1025,14.125,6.09188326108328,26.95,545.2699000000001,186.00417256699427,0.9250000000000003,5.895,5.69,519.2399
LV1,High,2593.416641,1967,8.21,14.67,5.539441909314211,26.189999999999998,307.57,107.90237462008666,2.4799999999999995,11.175,5.4,160.39
LV1,High,2593.416641,1968,5.879999999999999,13.7,4.696308834251284,22.41,786.9900000000001,63.49156596148194,-0.0950000000000002,9.379999999999999,228.93,274.85
LV1,High,2593.416641,1969,7.13,15.95,5.763890468540613,28.689999999999998,312.78000000000003,113.34264215879058,2.605,12.885,0,170.95
LV1,High,2593.416641,1970,6.545,15.1,5.132626033523191,26.689999999999998,645.31,135.61608514584256,0.75,12.795,0,469.27
LV1,High,2593.416641,1971,6.375,13.59,6.679287636667052,29.26,295.72,106.97089201890917,-0.56,14.425,7.46,190.07
LV1,High,2593.416641,1972,5.5725,12.919999999999998,5.911737618219086,27.38,601.56,72.68563942428283,-1.4099999999999997,12.765,9.99,250.05
LV1,High,2593.416641,1973,5.7162500000000005,13.7375,6.65542056647562,28.37,1217.6999,124.40763455310754,-2.76,11.975,4.7,848.4099
LV1,High,2593.416641,1974,7.495,15.89,6.79611776433183,28.62,194.96999999999997,102.6911123688229,-0.7399999999999998,12.209999999999999,9.88,99.77
LV1,High,2593.416641,1975,5.305,15.525,6.335430793034782,27.51,480.98,84.62957141599985,1.725,11.42,7.73,256.56
LV1,High,2593.416641,1976,6.10125,16.6025,2.9496592317305628,22.58,287.84000000000003,98.48557679952403,8.24,4.585000000000001,41.1,177.74
LV1,High,2593.416641,1977,5.87125,15.9625,5.354122049100736,28.67,404.88,69.40341840822155,7.285,12.31,31.11,178.51
LV1,High,2593.416641,1978,5.257499999999999,16.785,5.285313771827238,28.590000000000003,185.20999999999998,93.89956013013756,-2.0400000000000005,6.015,16.62,86.13
LV1,High,2593.416641,1979,5.93375,14.157499999999999,5.4254867293174724,26.33,761.44,82.24819526098547,5.305000000000001,10.1,14.76,382.75
LV1,High,2593.416641,1980,6.1525,16.775,4.130021186386336,26.49,209.5,88.5388278948597,0.7749999999999999,10.29,6.83,94.25
LV1,High,2593.416641,1981,6.5225,15.48,5.732202165543942,27.39,1290.6499000000001,118.09808522326138,0.9049999999999998,12.96,0,848.3599
LV1,High,2593.416641,1982,4.9475,13.925,5.71869230389839,27.400000000000002,750.89,90.70883986063087,-1.7650000000000001,11.41,11.06,335.61
LV1,High,2593.416641,1983,5.859999999999999,14.05,5.515555275763266,25.4,880.5899999999999,143.4228328244419,-1.4449999999999998,11,14.54,691.83
LV1,High,2593.416641,1984,4.92,13.41,6.678316903731558,27.17,824.0699000000001,108.99544515418526,-2.385,10.309999999999999,72.35,519.3599
LV1,High,2593.416641,1985,4.30375,14.4875,6.774485681584986,29.77,507.66999999999996,80.0912465520265,-4.145,11.85,4.43,243.81
LV1,High,2593.416641,1986,5.842499999999999,15.290000000000001,5.170709977040548,27.58,322.04,103.8425837351875,5.43,13.04,0,196.61
LV1,High,2593.416641,1987,7.76625,16.747500000000002,5.5934193105231556,28.79,162.51,163.58015229459141,0.08499999999999996,13.43,0,141.95
LV1,High,2593.416641,1988,8.285,14.75,6.872619587900963,28.27,511.67999999999995,193.50230957950274,-1.14,11.459999999999999,0.77,502.07
LV1,High,2593.416641,1989,5.20875,16.1575,4.727129810995252,26.64,626.4300000000001,83.38873881223088,2.8749999999999996,10.045,31.88,340.51
LV1,High,2593.416641,1990,6.42375,16.5025,5.757967487172304,28.5,189.06,48.01571115863164,-1.2400000000000002,9.415,28.2,68.51
LV1,High,2593.416641,1991,7.703749999999999,16.0275,5.152284889574074,25.549999999999997,284.86,98.10560548698028,5.955,11.354999999999999,17.92,142.11
LV1,High,2593.416641,1992,7.77125,15.1575,6.070842026989886,29.03,322.05999999999995,145.013462311129,6.865,10.445,3.33,252.17
LV1,High,2593.416641,1993,6.92875,14.1475,5.905948096340389,28.020000000000003,279.23,107.64984358954672,6.535,10.27,13.93,162.52
LV1,High,2593.416641,1994,5.5024999999999995,14.625,7.896755135286054,32.35,287.17,162.4161170636004,-5.08,11.934999999999999,0,248.6
LV3,High,2353.550747,1965,6.3225,14.58,5.0101904488086415,23.7,588.8,127.67731526942266,-0.1849999999999996,6.65,146.55,415
LV3,High,2353.550747,1966,8.05375,14.2475,6.057365179404877,26.950000000000003,536.8399999999999,186.00092191498214,0.9350000000000003,5.835,5.56,511.25
LV3,High,2353.550747,1967,8.2,14.71,5.546760315715832,26.2,303.83,107.91015228643171,2.4450000000000003,11.174999999999999,5.35,158.83
LV3,High,2353.550747,1968,5.8825,13.71,4.690114604143485,22.41,771.5500000000001,63.59156215006957,-0.08499999999999996,9.38,221.66,272.06
LV3,High,2353.550747,1969,7.125,15.995,5.746301709215531,28.799999999999997,307.79,113.35932458589816,2.6599999999999997,12.834999999999999,0,168.36
LV3,High,2353.550747,1970,6.51,15.205,5.097020371419626,26.7,632.23,135.53627046243105,0.7650000000000001,12.709999999999999,0,459.65
LV3,High,2353.550747,1971,6.362500000000001,13.635,6.645354893959139,29.21,290.19,107.12655715399984,-0.52,14.4,6.91,186.62
LV3,High,2353.550747,1972,5.575,12.95,5.8972196838849404,27.380000000000003,589.76,72.24636298447089,-1.3949999999999998,12.745000000000001,9.59,244.04
LV3,High,2353.550747,1973,5.69,13.82,6.623477183473949,28.4,1200.5,124.88940892618199,-2.76,11.925,4.67,839.15
LV3,High,2353.550747,1974,7.44125,16.0275,6.755573470599418,28.66,191.39999999999998,102.44283295202885,-0.75,12.110000000000001,9.88,97.8
LV3,High,2353.550747,1975,5.3,15.549999999999999,6.329046795002652,27.529999999999998,473.5,84.3434186468335,1.7350000000000003,11.415,7.98,252.1
LV3,High,2353.550747,1976,6.08375,16.6425,2.9340937698035483,22.59,281.73,97.00896896915869,8.19,4.5649999999999995,41.44,172.31
LV3,High,2353.550747,1977,5.85125,15.9925,5.34440887750928,28.669999999999998,398.88,69.79207814665389,7.25,12.285,30.49,176.09
LV3,High,2353.550747,1978,5.233750000000001,16.8425,5.269551491034761,28.6,182.53,94.04269464297646,-2.0400000000000005,5.995,16.23,85.11
LV3,High,2353.550747,1979,5.915000000000001,14.16,5.410435903572528,26.32,752.15,82.28665550600971,5.305000000000001,10.065000000000001,14.35,378.2
LV3,High,2353.550747,1980,6.141249999999999,16.8125,4.122690009771128,26.5,206.07,88.58459958592098,0.7750000000000004,10.27,6.6,93.19
LV3,High,2353.550747,1981,6.49375,15.5425,5.700712492019455,27.4,1277.86,118.21193854083198,0.8900000000000001,12.865,0,841.09
LV3,High,2353.550747,1982,4.9325,13.975,5.698260699546837,27.41,744.36,90.52969046040586,-1.7600000000000002,11.365,11.1,331.73
LV3,High,2353.550747,1983,5.8425,14.1,5.496120601539477,25.4,870.3299,143.6371693579203,-1.44,10.955,14.68,684.5499
LV3,High,2353.550747,1984,4.9025,13.4,6.681529889678461,27.17,811.3999,109.46477243065179,-2.38,10.315,70.21,513.0399
LV3,High,2353.550747,1985,4.2925,14.485,6.770108935608053,29.740000000000002,502.51,80.64144849185556,-4.15,11.84,4.22,241.72
LV3,High,2353.550747,1986,5.831250000000001,15.3325,5.1499326451906144,27.57,316.77,104.12638517653514,5.41,13,0,194.09
LV3,High,2353.550747,1987,7.74,16.765,5.613313044302209,28.799999999999997,160.57,163.2158934458894,0.020000000000000018,13.415,0,140.05
LV3,High,2353.550747,1988,8.25375,14.842500000000001,6.84705091627045,28.28,504.13,193.5886115031273,-1.14,11.445,0.68,494.87
LV3,High,2353.550747,1989,5.2250000000000005,16.200000000000003,4.6876557751894135,26.59,619.57,82.94343046365069,2.8850000000000002,10.030000000000001,31.47,335.56
LV3,High,2353.550747,1990,6.435,16.525000000000002,5.754098539302225,28.520000000000003,186.49,48.18637860037203,-1.2350000000000003,9.399999999999999,27.71,68.12
LV3,High,2353.550747,1991,7.69375,16.072499999999998,5.141224521778186,25.57,280.05,97.96181743278756,5.9399999999999995,11.325,17.66,139.09
LV3,High,2353.550747,1992,7.793749999999999,15.1525,6.074282365020578,29.06,315.79999999999995,144.6141993139882,6.915,10.485,3.27,246.73
LV3,High,2353.550747,1993,6.94625,14.1325,5.900055614144667,27.95,275.86,107.43270852304505,6.51,10.275,13.8,160.03
LV3,High,2353.550747,1994,5.47625,14.6875,7.880359948420291,32.379999999999995,286.02,162.20798921802424,-5.095,11.924999999999999,0,247.38
LVTR1,High,2741.38982,1965,6.11375,14.627500000000001,4.986316902283688,23.630000000000003,628.68,127.24797841889333,-0.3900000000000001,6.395,158.86,441.23
LVTR1,High,2741.38982,1966,7.768750000000001,14.5275,5.975547917694801,26.89,567.4799,185.93485500042584,0.8200000000000001,5.495,6.2,540.1299
LVTR1,High,2741.38982,1967,8.055,14.705,5.574298162100767,26.169999999999998,323.5,108.0666356064162,2.215,11.055,5.54,167.53
LVTR1,High,2741.38982,1968,5.8025,13.605,4.665321532327648,22.29,834.3299999999999,63.15652099454455,4.31,9.28,249.43,287.18
LVTR1,High,2741.38982,1969,6.89375,16.127499999999998,5.8435011979120866,29.229999999999997,325.99,113.29112889386424,2.455,12.625,0,178.4
LVTR1,High,2741.38982,1970,6.30125,15.3275,5.076270571656584,26.68,668.3399999999999,134.76480526798568,0.625,12.465,0,482.77
LVTR1,High,2741.38982,1971,6.157500000000001,13.809999999999999,6.60591338625225,29.3,309.95,106.64158796932867,-0.6600000000000001,14.23,8.19,198.81
LVTR1,High,2741.38982,1972,5.47375,12.8875,5.869260849260891,27.240000000000002,622.12,72.56728344081426,-1.445,12.620000000000001,10.19,257.67
LVTR1,High,2741.38982,1973,5.4975000000000005,13.92,6.608021009853607,28.55,1278.0299,124.25184904854349,-2.98,11.745000000000001,4.9,889.6799
LVTR1,High,2741.38982,1974,7.2075,16.235,6.6014575410788385,28.560000000000002,201.79000000000002,102.69665058602367,-0.8300000000000001,11.76,10.34,103.5
LVTR1,High,2741.38982,1975,5.178749999999999,15.4925,6.28876296129321,27.39,501.57,83.70891814691672,1.6099999999999999,11.275,8.08,265.14
LVTR1,High,2741.38982,1976,5.89625,16.4625,2.949509493119153,22.39,306.06,100.0718692684949,8.015,4.405,43.08,190.92
LVTR1,High,2741.38982,1977,5.702500000000001,15.88,5.300752305097834,28.51,419.45000000000005,67.98233943678999,7.065,12.115,33.56,184.11
LVTR1,High,2741.38982,1978,5.09375,16.7775,5.254319453237181,28.59,195.03,93.23400263587021,-2.1350000000000002,5.825,18.22,89.56
LVTR1,High,2741.38982,1979,5.797499999999999,14.05,5.342596902880346,26.11,797.0600000000001,81.94744587036526,5.220000000000001,9.86,14.69,400.51
LVTR1,High,2741.38982,1980,5.987500000000001,16.675,4.121266997740704,26.4,221.10999999999999,88.45620787637084,0.6099999999999999,10.115,7.79,99.32
LVTR1,High,2741.38982,1981,6.324999999999999,15.430000000000001,5.683857258353109,27.279999999999998,1354.7199,118.5671203798963,0.69,12.649999999999999,0,892.6799
LVTR1,High,2741.38982,1982,4.819999999999999,13.88,5.66317196160126,27.27,782.2699999999999,90.93101004346363,2.5900000000000003,11.219999999999999,11.89,350.27
LVTR1,High,2741.38982,1983,5.7325,14.004999999999999,5.452000397407665,25.27,917.1298999999999,144.64017895895222,-1.4800000000000002,10.815,14.79,724.6099
LVTR1,High,2741.38982,1984,4.75375,13.2775,6.618308413031233,26.96,861.79,108.51843456448671,-2.395,10.105,78.08,541.39
LVTR1,High,2741.38982,1985,4.1075,14.39,6.674569274492549,29.46,525.4,80.34905631529932,-4.225,11.49,4.18,252.7
LVTR1,High,2741.38982,1986,5.70375,15.2575,5.118196907440485,27.37,333.02,103.0185104148348,5.305,12.815000000000001,0,201.84
LVTR1,High,2741.38982,1987,7.532500000000001,16.675,5.651460725629555,28.630000000000003,167.36,163.71871533448754,-0.2250000000000001,13.295,0,146.21
LVTR1,High,2741.38982,1988,8.06875,14.9175,6.739651789966599,28.11,535.0400000000001,193.4942027670593,-1.18,11.209999999999999,0.74,524.84
LVTR1,High,2741.38982,1989,5.04625,15.9875,4.799601328930005,26.64,654,84.27078825408503,2.815,9.94,34.08,358.75
LVTR1,High,2741.38982,1990,6.355,16.455000000000002,5.752251733017254,28.480000000000004,197.36,48.037171181829,-1.2950000000000004,9.305,30.34,71.51
LVTR1,High,2741.38982,1991,7.6,15.975000000000001,5.112323346581278,25.380000000000003,299.05000000000007,97.10155484877502,5.83,11.185,20.12,147.93
LVTR1,High,2741.38982,1992,7.65625,15.1775,6.03214358665309,28.91,341.43999999999994,144.6522337390615,6.68,10.309999999999999,3.69,266.7
LVTR1,High,2741.38982,1993,6.785,14.16,5.8766529589554635,27.92,286.66999999999996,108.10334354679719,6.27,10.174999999999999,13.71,167.32
LVTR1,High,2741.38982,1994,5.33,14.719999999999999,7.794401837216246,32.269999999999996,296.39000000000004,161.7116670684972,-5.155,11.825,0,255.68
SC,Low,421.5178299,1965,11.3425,12.855,4.455131070702954,26.93,641.4400000000002,77.73768989528612,11.45,17.5225,2.09,158.11
SC,Low,421.5178299,1966,12.57,14.06,5.629507083217855,30.48,509.5,95.5765501725492,12.245000000000001,21.595,0,156.34
SC,Low,421.5178299,1967,11.1275,12.7075,5.038087080288651,27.889999999999997,863.51,82.67126456447821,7.4399999999999995,17.075,28.74,242.13
SC,Low,421.5178299,1968,12.355625,13.64875,5.420962907019906,31.790000000000003,642.11,72.13912199689064,6.01,22.555,2.7,145.18
SC,Low,421.5178299,1969,11.74375,13.025,5.017844407711343,25.849999999999998,973.03,95.10005914058954,6.465,18.259999999999998,4.22,344.82
SC,Low,421.5178299,1970,12.454375,13.24375,5.016543657525283,27.92,930.05,89.61078468281002,8.8,18.355,23.8,275.76
SC,Low,421.5178299,1971,10.77125,13.2475,4.66367555077078,28.36,547.67,94.09163631026074,5.205,19.825,9.22,199.77
SC,Low,421.5178299,1972,11.764375000000001,13.52875,6.122377244584001,32.08,472.62000000000006,88.28808257861317,8.8,22.185,4.46,157.84
SC,Low,421.5178299,1973,12.157499999999999,12.495000000000001,5.974794676687344,30.909999999999997,1022.16,80.76865247702032,6.09,22.689999999999998,1.07,273.2
SC,Low,421.5178299,1974,11.685,13.282499999999999,5.265929574701346,29.740000000000002,573.5600000000001,75.80979632132471,10.48,16.990000000000002,11.37,161.06
SC,Low,421.5178299,1975,11.04125,13.275,5.263158170582699,29.959999999999997,618.09,102.86333064542018,8.895,21.095,3.4,202.64
SC,Low,421.5178299,1976,12.295625000000001,15.07375,4.9806091405283235,30.44,206.91,82.16998258990411,9.370000000000001,20.945,0.84,58.49
SC,Low,421.5178299,1977,12.330625,13.86875,5.437023501289233,31.86,448.37,95.93461598276902,9.565,23.645,0,176.57
SC,Low,421.5178299,1978,12.285625,12.33625,4.967126531722627,30.26,862.2300000000001,82.88166149483028,9.56,17.805,3.69,255.82
SC,Low,421.5178299,1979,12.25,13.65,5.4124083628006385,31.25,753.84,74.07082929384558,7.75,22.130000000000003,0,182.65
SC,Low,421.5178299,1980,12.425625,13.64375,3.710971606986119,25.61,667.48,105.81027744829184,8.61,19.119999999999997,1.85,240.87
SC,Low,421.5178299,1981,13.281875,13.188749999999999,5.300853662719942,30.349999999999998,791.9,82.29587498650854,12.32,24.13,0,206.4
SC,Low,421.5178299,1982,11.036875,12.66875,5.083401516911964,27.64,1093.37,62.400404235648736,9.21,18.03,8.47,228.69
SC,Low,421.5178299,1983,11.738750000000001,11.765,4.614863215741069,28.310000000000002,1424.92,64.50201212746494,10.405000000000001,20.515,4.39,313.04
SC,Low,421.5178299,1984,12.23625,13.9375,5.307821553411262,29.85,470.66,102.96252318210908,9.74,18.945,10.82,188.76
SC,Low,421.5178299,1985,11.936250000000001,14.335,6.074678562924721,32.26,477.97,95.79918486000602,9.41,16.55,7.93,149
SC,Low,421.5178299,1986,13.5425,14.1,4.388591541062543,29.29,762.83,128.70951068039048,10.78,22.025,0,364.75
SC,Low,421.5178299,1987,13.01375,14.01,5.896055430782274,31.65,504.25000000000006,83.98890018196462,10.809999999999999,22.67,0.55,134.08
SC,Low,421.5178299,1988,12.74,13.925,4.496282591525708,28.38,464.04,76.21660138116953,11.245000000000001,21.195,7.22,112.93
SC,Low,421.5178299,1989,12.25125,13.6875,5.35562904802041,29.8,392.02,125.10357120267523,11.405000000000001,7.415,6.28,192.38
SC,Low,421.5178299,1990,11.741875,14.06875,5.372161002733046,30.3,459.21,61.361504455164514,7.32,20.255000000000003,0.14,110.43
SC,Low,421.5178299,1991,11.6,13.1975,3.98754758144473,26.71,555.3199999999999,141.40074232672552,8.135,7.569999999999999,31.06,312.69
SC,Low,421.5178299,1992,12.799999999999999,13.0725,5.560314096986145,28.63,620.06,113.10328573953255,6.3149999999999995,20.2,19.59,229.92
SC,Low,421.5178299,1993,12.015625,12.32125,4.586179111121338,26.08,842.6300000000001,78.4701891184353,7.18,20.22,26.59,267.55
SC,Low,421.5178299,1994,11.684375,12.82625,4.981259477495913,28.09,586.09,75.28043409976385,7.715,20.83,0.21,145.94
SQ1,Mid,1921.036585,1965,10.48857142857143,13.034285714285714,6.188689760553598,29.35,500.27000000000004,134.74376801494856,4.7250000000000005,10.99,7.46,243.72
SQ1,Mid,1921.036585,1966,11.957142857142857,13.154285714285715,6.273793945946143,29.34,799.0299000000001,202.56525258734982,2.035,10.915,4.02,627.3799
SQ1,Mid,1921.036585,1967,12.114285714285714,12.997142857142856,7.423055541448453,34.04,289.97,133.42125610907954,-1.1800000000000002,19.705,2.32,153.8
SQ1,Mid,1921.036585,1968,11.347142857142858,12.942857142857143,7.030661927788673,31.46,397.9,150.07104297831256,-0.6149999999999998,15.52,1.97,235.47
SQ1,Mid,1921.036585,1969,11.23857142857143,13.305714285714286,6.28460666648128,29.479999999999997,269.18,88.99729056198714,2.455,18.645,0.22,103.17
SQ1,Mid,1921.036585,1970,11.215,13.778571428571428,7.204975132966571,32.31,461.20000000000005,156.74449160209844,-1.045,13.370000000000001,8.29,241.83
SQ1,Mid,1921.036585,1971,10.440000000000001,12.628571428571428,7.8344921128728355,32.910000000000004,383.41,163.23234130718953,-2.33,18.815,0.87,250.03
SQ1,Mid,1921.036585,1972,10.143571428571429,12.538571428571428,7.901769693284808,33.76,415.57000000000005,119.87436571907807,1.735,19.13,0.55,181.4
SQ1,Mid,1921.036585,1973,11.12142857142857,12.868571428571428,6.572087259948772,27.939999999999998,375.31,137.35791630022229,2.6899999999999995,13.835,0.92,182.7
SQ1,Mid,1921.036585,1974,11.566428571428572,13.372857142857143,6.794098980172496,29.39,213.23999999999998,118.86335268143691,0.4049999999999998,15.28,12.77,98.03
SQ1,Mid,1921.036585,1975,11.241428571428571,12.98857142857143,5.706987467340449,25.45,230.84000000000003,122.1307538406212,7.905,15.905,6.14,114.73
SQ1,Mid,1921.036585,1976,11.197857142857144,12.727142857142859,4.589416136742285,26.16,204.13,132.13488974984477,13.38,13.365,13.36,117.33
SQ1,Mid,1921.036585,1977,12.189285714285713,12.735714285714286,5.457513497136636,25.52,441.26000000000005,192.38840725262256,4.065,13.364999999999998,13.78,340.66
SQ1,Mid,1921.036585,1978,10.65,12.942857142857143,6.811983313739594,29.33,324.91999999999996,118.41594459691834,12.350000000000001,12.139999999999999,12.28,134.99
SQ1,Mid,1921.036585,1979,11.601428571428572,13.265714285714285,5.818887146099984,26.05,241.31000000000003,109.48002076278863,3.8150000000000004,14.435,4.41,83.26
SQ1,Mid,1921.036585,1980,11.845714285714285,12.822857142857142,4.866000606736698,26.130000000000003,142.28,145.9850215114244,4.3549999999999995,16.395,14.5,88.5
SQ1,Mid,1921.036585,1981,12.052857142857142,13.022857142857143,6.537610328669322,27.709999999999997,309.91,120.40148726385488,5.4350000000000005,16.7,2.39,110.27
SQ1,Mid,1921.036585,1982,10.010714285714286,11.65857142857143,6.406178936888086,28.36,881.4599999999999,95.87192595868274,0.6400000000000001,17.22,8.34,328.48
SQ1,Mid,1921.036585,1983,10.618571428571428,11.67142857142857,6.062138452645867,25.39,716.86,133.93007670036704,3.43,15.280000000000001,47.74,303.98
SQ1,Mid,1921.036585,1984,10.835,11.661428571428571,7.834037379708287,29.720000000000002,463.2,123.62536945956363,2.4299999999999997,16.17,36.33,235.42
SQ1,Mid,1921.036585,1985,11.221428571428572,12.028571428571428,6.58787378084773,28.12,437.28,128.81974338697543,2.74,16.995,9.26,225.92
SQ1,Mid,1921.036585,1986,11.015,12.601428571428572,5.946541712065369,28.330000000000002,135.69,101.04815966360464,10.135000000000002,15.175,2.34,61.95
SQ1,Mid,1921.036585,1987,11.262857142857142,12.48,6.926902179872602,30.509999999999998,323.29,126.83173514415732,-0.7949999999999999,15.64,3.09,165.71
SQ1,Mid,1921.036585,1988,12.220714285714285,12.667142857142858,6.761243985990688,30.36,386.21,137.89092986025946,1.3250000000000002,13.775,8.5,178.63
SQ1,Mid,1921.036585,1989,12.11357142857143,13.104285714285714,4.998304474424065,26.93,159.06,113.30192327814521,14.469999999999999,5.28,0.21,58.1
SQ1,Mid,1921.036585,1990,11.890714285714285,12.790000000000001,6.4913547819204815,30.7,110.38000000000001,107.61716089179944,0.48,16.97,2.06,43.63
SQ1,Mid,1921.036585,1991,12.512142857142857,12.335714285714285,5.632301081812876,26.67,229.73999999999998,111.4652150457707,12.35,18.71,1.81,95.2
SQ1,Mid,1921.036585,1992,11.925714285714285,11.860000000000001,6.960011032421471,31.14,441.27,140.09318253590644,-0.30000000000000027,5.38,6.53,230
SQ1,Mid,1921.036585,1993,11.637142857142857,12.445714285714285,5.7817189320758064,27.46,275.02,104.16648359261382,2.415,16.105,2.42,92.24
SQ1,Mid,1921.036585,1994,11.71642857142857,12.067142857142857,8.042530548219734,30.53,341.15999999999997,111.46538804455886,0.9849999999999999,15.959999999999999,0.32,149.96
SQ2,Mid,1934.45122,1965,10.493571428571428,12.801428571428572,6.07028260893848,28.89,539.31,137.25332926283187,4.744999999999999,10.780000000000001,42.88,265.87
SQ2,Mid,1934.45122,1966,11.911428571428573,12.945714285714287,6.134423848445831,28.87,799.45,200.9409686278697,2.3,10.92,7.09,623.45
SQ2,Mid,1934.45122,1967,12.039285714285715,12.918571428571429,7.285943903944674,33.71,299.11,132.73487607761675,-0.9300000000000002,19.509999999999998,1.71,160.9
SQ2,Mid,1934.45122,1968,11.326428571428572,12.795714285714286,6.920346640093082,31.22,416.16999999999996,154.81431537170803,-0.47499999999999964,15.52,0.8,254.85
SQ2,Mid,1934.45122,1969,11.27,13.237142857142857,6.210047638035207,29.25,288.55999999999995,78.1343047456498,2.6350000000000002,18.665,0.15,87.22
SQ2,Mid,1934.45122,1970,11.259285714285713,13.644285714285715,7.133787813737423,32.08,476.68,158.38182841711114,-0.855,13.510000000000002,8.36,259.25
SQ2,Mid,1934.45122,1971,10.438571428571429,12.525714285714287,7.781181740951324,32.83,410.64,164.87066071320484,-2.285,18.85,0.6,269.98
SQ2,Mid,1934.45122,1972,10.147142857142857,12.497142857142856,7.757405524799543,33.54,433.83,118.36615355495545,1.895,19.02,1.55,191.75
SQ2,Mid,1934.45122,1973,11.142857142857142,12.808571428571428,6.4793369369756615,27.759999999999998,387.22,139.07628040059564,2.68,13.915,0.19,190.52
SQ2,Mid,1934.45122,1974,11.643571428571429,13.207142857142857,6.677753311235321,28.990000000000002,220.55,124.40798519788866,0.7349999999999999,16.78,9.65,104.95
SQ2,Mid,1934.45122,1975,11.280714285714286,12.892857142857144,5.613772816751248,25.19,238.79999999999998,129.0782134524592,7.945,15.955,9.55,126.24
SQ2,Mid,1934.45122,1976,11.24,12.72,4.425547047164527,26.009999999999998,193.39,129.51624453003078,13.39,13.035,10.04,109.57
SQ2,Mid,1934.45122,1977,12.247142857142858,12.685714285714285,5.303078396195032,25.29,463.21,194.65919653766255,4.3,13.385,10.23,360.28
SQ2,Mid,1934.45122,1978,10.707142857142857,12.848571428571429,6.705121088356556,29.07,330.23,118.42374166916697,12.389999999999999,12.33,2.47,137.15
SQ2,Mid,1934.45122,1979,11.637142857142857,13.151428571428571,5.684918540271602,25.709999999999997,240.69999999999996,112.44802758204008,4.17,14.195,3.31,80.49
SQ2,Mid,1934.45122,1980,11.900714285714285,12.781428571428572,4.751223025505668,25.77,152.74999999999997,144.1526682196795,4.755,16.47,18.59,94.24
SQ2,Mid,1934.45122,1981,12.061428571428571,12.948571428571428,6.426652650152667,27.45,330.55,121.13632242078978,5.545,16.41,2.48,121.95
SQ2,Mid,1934.45122,1982,9.971428571428572,11.588571428571429,6.270584578201698,28.049999999999997,914.2500000000001,95.47421612531205,0.8500000000000001,17.155,9.5,332.06
SQ2,Mid,1934.45122,1983,10.599285714285715,11.621428571428572,5.999059251646203,25.240000000000002,737.2699999999999,135.3276425406161,1.725,15.170000000000002,45.13,318.62
SQ2,Mid,1934.45122,1984,10.831428571428571,11.622857142857143,7.808520834258408,29.74,460.99,122.76204716481101,2.4250000000000003,18.39,36.63,233.46
SQ2,Mid,1934.45122,1985,11.287857142857142,11.93,6.473615590187897,27.869999999999997,444.39,130.1822515172357,2.875,17.115,9,229.9
SQ2,Mid,1934.45122,1986,11.032142857142857,12.604285714285714,5.781663440815034,28.02,130.19,106.86934678345527,10.045,14.934999999999999,2.68,62.41
SQ2,Mid,1934.45122,1987,11.292857142857143,12.477142857142857,6.860168157039385,30.36,334.32,125.18170032542886,-0.685,15.55,4.54,168
SQ2,Mid,1934.45122,1988,12.300714285714285,12.652857142857142,6.721172038523383,30.259999999999998,397.31,139.28597556709946,1.4999999999999998,13.995000000000001,8.35,181.21
SQ2,Mid,1934.45122,1989,12.161428571428573,13.008571428571429,4.903258877425056,26.6,173.28,114.35971531491853,14.5,5.605,0.03,63.02
SQ2,Mid,1934.45122,1990,11.902142857142858,12.63,6.392882668211878,30.38,112.73,109.12154454029208,0.6549999999999998,16.990000000000002,1.98,46.58
SQ2,Mid,1934.45122,1991,12.520714285714286,12.187142857142858,5.540013108115832,26.290000000000003,240.88,110.32189422460978,12.515,18.62,0.38,95.06
SQ2,Mid,1934.45122,1992,11.882857142857143,11.848571428571429,6.9081364208825375,31.06,479.79999999999995,140.48867428654495,-0.19999999999999973,5.39,5.86,252.73
SQ2,Mid,1934.45122,1993,11.609285714285713,12.407142857142857,5.687641887293471,27.060000000000002,273.91,104.03035722170186,2.6,16.085,2.68,92.01
SQ2,Mid,1934.45122,1994,11.722857142857142,12.045714285714286,7.988080107855942,30.6,363.53,109.27733100285349,1.0050000000000001,15.61,0.26,155.16
SQ3,High,2373.170732,1965,8.414166666666667,12.101666666666667,6.418187763431876,27.99,603.4,124.3738340301702,2.85,14.62,8.68,306.44
SQ3,High,2373.170732,1966,9.575,12.136666666666667,6.413454607307983,27.759999999999998,839.8999,186.37960335587877,0.81,8.95,8.83,658.7999
SQ3,High,2373.170732,1967,10.049166666666666,12.508333333333333,7.686430521813533,32.7,307,129.70402465528676,-2.62,17.23,3.35,176.05
SQ3,High,2373.170732,1968,8.724166666666667,12.171666666666667,7.141505035121566,30.57,456.65999999999997,144.96853681661227,-2.23,13.440000000000001,1.8,287.78
SQ3,High,2373.170732,1969,9.291666666666666,12.76,6.656501834046669,28.35,288.6,82.72646179460406,0.98,16.7,0.18,98.46
SQ3,High,2373.170732,1970,8.798333333333334,13.036666666666667,7.591865163888691,31.79,512.71,150.40085697084126,-2.795,11.545000000000002,9.87,288.48
SQ3,High,2373.170732,1971,8.014166666666666,12.024999999999999,8.354100440302753,32.47,462.23999999999995,150.8071203356436,-4.2749999999999995,16.685,1.63,304.26
SQ3,High,2373.170732,1972,7.359166666666667,12.171666666666667,8.035554378303134,33.010000000000005,445.78,113.26314811132917,0.09499999999999975,16.86,1.83,207.1
SQ3,High,2373.170732,1973,8.514166666666666,12.238333333333333,6.5897461382565155,26.86,426.89000000000004,127.16615007039283,0.7650000000000001,11.82,0.11,212.58
SQ3,High,2373.170732,1974,9.061666666666667,12.473333333333333,6.899705549272857,28.15,247.74000000000004,108.98128818337956,-0.875,14.700000000000001,13.01,118.08
SQ3,High,2373.170732,1975,8.933333333333334,12.26,5.7369082846657635,24.33,251.29,123.99405309181076,5.735,13.645,11.23,140.07
SQ3,High,2373.170732,1976,8.944166666666666,12.111666666666666,4.4356571290696785,24.810000000000002,202.95,116.07875847733777,11.145,5.88,14.46,114.74
SQ3,High,2373.170732,1977,9.713333333333333,12.23,5.252193510017188,24.5,488.34000000000003,189.6684250131818,2.65,11,12.85,397.37
SQ3,High,2373.170732,1978,8.1875,12.225,6.939110713917166,28.15,355.66,108.02636448805238,10.12,10.1,2.04,150.83
SQ3,High,2373.170732,1979,9.089166666666667,12.501666666666667,5.843995565250428,24.99,263.07,100.40957292056429,2.485,13.004999999999999,3.83,90.79
SQ3,High,2373.170732,1980,9.939166666666667,12.211666666666666,4.8540667657817265,24.74,166.86999999999998,134.6338969626589,3.2100000000000004,14.195,21.77,104.74
SQ3,High,2373.170732,1981,9.2275,12.418333333333333,6.532079875506728,26.71,366.40999999999997,107.04181987921352,3.67,15.645,2.67,138.01
SQ3,High,2373.170732,1982,7.533333333333333,11.323333333333334,6.502058648356432,27.330000000000002,970.93,86.13497100826959,-0.81,14.745000000000001,11.5,364.17
SQ3,High,2373.170732,1983,8.263333333333334,11.136666666666667,6.218764078711032,24.439999999999998,803.6600000000001,121.86561146105431,0.08999999999999986,13.055,53.67,351.38
SQ3,High,2373.170732,1984,8.225000000000001,11.026666666666667,8.29584715384752,29.270000000000003,482.09000000000003,110.5106731192214,0.40000000000000036,16.035,46.34,248.17
SQ3,High,2373.170732,1985,8.518333333333333,11.296666666666667,6.477002135762089,27.23,472.78000000000003,119.33858407149445,1.085,15.02,11.53,246.69
SQ3,High,2373.170732,1986,8.2716666666666665,11.916666666666668,5.834130326506829,27.07,135.72,98.40323115823182,7.55,16.295,3.7,68.2
SQ3,High,2373.170732,1987,8.576666666666666,11.806666666666667,7.12838106912549,29.95,344.20000000000005,119.52691726491253,-2.63,13.370000000000001,6.21,177.81
SQ3,High,2373.170732,1988,10.135,12.02,7.159400812917237,29.4,423.6,129.87066168891502,-0.2450000000000001,12.11,10.94,194.61
SQ3,High,2373.170732,1989,9.965833333333334,12.308333333333334,5.000245410644029,25.220000000000002,197.72,104.69703859216833,12.33,4.425000000000001,0.01,72.18
SQ3,High,2373.170732,1990,9.564166666666667,11.864999999999998,6.658009775200594,29.409999999999997,120.30999999999999,105.47148953259487,-0.9550000000000001,10.685,3.01,54.21
SQ3,High,2373.170732,1991,10.479166666666666,11.535,5.848240262392326,25.51,252.92,105.03283923838625,10.35,16.33,0.4,99.45
SQ3,High,2373.170732,1992,9.515,11.370000000000001,7.291922243140008,30.450000000000003,532.74,127.98727990689163,-2.04,3.6449999999999996,7.8,288.7
SQ3,High,2373.170732,1993,9.36,11.790000000000001,6.022635635666497,26.19,210.86999999999998,123.27687067322458,1.0150000000000001,14.01,3.48,98.39
SQ3,High,2373.170732,1994,8.994166666666667,11.488333333333333,8.349169070432499,30.240000000000002,410.47,91.60911019620595,-0.9450000000000001,18.08,0.3,171.3
TM2,Low,379.1526973,1965,11.925625,12.138750000000002,4.882709608915935,27.42,955.34,90.54539184077528,7.345000000000001,19.91,4.24,288.53
TM2,Low,379.1526973,1966,12.825624999999999,12.88875,5.966297270921053,29.19,920.84,96.96929961754567,11.795,22.21,1.45,320.86
TM2,Low,379.1526973,1967,11.575625,12.58625,5.095270522399039,27.830000000000002,1158.79,83.5746908524025,7.76,17.695,54.82,390.36
TM2,Low,379.1526973,1968,12.28125,13.450000000000001,5.610428905172937,31.790000000000003,997.52,80.72813857396766,5.5,22.66,9.57,263.4
TM2,Low,379.1526973,1969,11.915625,12.60625,5.3842080180972625,26.46,1399.8600000000001,103.32864009110305,5.755,18.994999999999997,16.15,463.92
TM2,Low,379.1526973,1970,12.5825,12.25,5.209112208428611,27.919999999999998,1394.8799000000004,105.12101931760859,8.81,18.64,26.66,517.8499
TM2,Low,379.1526973,1971,10.970625,12.96625,4.778405619854508,28.01,678.62,84.28171665410368,4.9799999999999995,8.24,16.31,199.02
TM2,Low,379.1526973,1972,11.916875000000001,12.56875,6.146651200624846,31.67,734.9100000000001,74.86294508379004,9.06,22.42,12.45,220.57
TM2,Low,379.1526973,1973,12.3825,11.5875,6.265469427174404,30.42,1502.35,92.34990463489179,9.195,23.215,5.01,440.8
TM2,Low,379.1526973,1974,11.835,12.285,5.472928179424873,28.79,945.37,96.1692210546119,10.545,17.61,8.69,343.56
TM2,Low,379.1526973,1975,11.36125,12.405,5.351069152181512,28.83,903.6100000000001,109.09563225178098,7.855,21.58,6.86,352.11
TM2,Low,379.1526973,1976,12.58125,14.2525,4.843072187598045,28.56,283.49999999999994,88.48398915251128,9.455,19,3.9,92.82
TM2,Low,379.1526973,1977,12.649375,12.75125,5.4583438340502415,31.450000000000003,622.7600000000001,93.03980485183332,9.254999999999999,24.065,0.64,238.74
TM2,Low,379.1526973,1978,12.171875,11.60375,5.075930553321515,29.14,1217.49,91.57107825782234,8.925,21.195,5.25,425.86
TM2,Low,379.1526973,1979,12.2125,12.4875,5.382328226971777,29.72,1062.2299999999998,68.27100638017582,7.755000000000001,22.055,0.36,261.52
TM2,Low,379.1526973,1980,12.531875,12.11375,3.7041453009721814,22.65,994.7399999999999,95.81994341436813,10.469999999999999,18.990000000000002,15.99,315.83
TM2,Low,379.1526973,1981,13.45125,11.5475,5.459446433214896,28.659999999999997,1275.1000000000001,89.47431091447304,12.14,24.165,0.5,396.81
TM2,Low,379.1526973,1982,11.45125,11.5225,5.386730886433546,27,1290.0099999999998,60.47954148591223,9.245000000000001,19.13,26.12,260.55
TM2,Low,379.1526973,1983,11.76,10.77,4.814783780933767,26.369999999999997,2010.44,68.30495014361125,7.895,20.91,15.54,442.3
TM2,Low,379.1526973,1984,12.195625,12.706249999999999,5.306297093009938,27.78,708.8,102.6752358112255,9.105,19.07,20.92,286.54
TM2,Low,379.1526973,1985,11.98125,13.1875,6.1369040298369155,31.850000000000005,588.91,97.61972985669523,8.35,23.855,0.9,193.88
TM2,Low,379.1526973,1986,13.254999999999999,12.715,4.5588446217999445,28.04,1166.7,114.4238850636641,10.53,22.08,1.82,503.71
TM2,Low,379.1526973,1987,12.795625,12.70125,6.096403176991214,30.44,972.79,94.84986267250818,6.96,22.65,0.44,329.77
TM2,Low,379.1526973,1988,12.49,13.022499999999999,4.362779258356175,26.75,848.6600000000001,91.03468070609773,10.165,11.455,21.48,294.31
TM2,Low,379.1526973,1989,12.546249999999999,13.1225,5.318410577553087,28.189999999999998,668.4799999999999,151.164768259873,10.83,8.355,12.1,392.25
TM2,Low,379.1526973,1990,11.945,13.39,5.440053177261098,29.66,712.7800000000001,84.63022976678324,7.33,20.45,2.83,224.45
TM2,Low,379.1526973,1991,11.8925,12.990000000000002,4.177471039482414,26.35,884.38,141.50506945187882,7.6499999999999995,19.77,26.36,492.37
TM2,Low,379.1526973,1992,13.26625,12.379999999999999,5.811175655579515,28.14,945.2299999999999,97.02493896527461,10.955,21.09,44.43,308
TM2,Low,379.1526973,1993,12.1525,11.635,4.922029923865617,26.03,1312.54,83.2089422300696,6.715,20.77,46.2,450.48
TM2,Low,379.1526973,1994,11.9825,12.52,5.466458764920067,28.51,869.8699999999999,80.86013219210014,5.885,21.455,1.78,238.34
WL1,Mid,1613.837245,1965,11.515625,14.85375,5.9399569728480115,31.61,560.1800000000001,134.33122199755246,5.2700000000000005,18.51,3.3,259.41
WL1,Mid,1613.837245,1966,13.18,15.065,5.768931567333021,31.38,510.26,169.29294154562425,6.46,20.11,0,253.9
WL1,Mid,1613.837245,1967,12.66,14.825,6.743521229404457,34.55,467.02,81.9902378008529,0.3600000000000003,20.085,8.4,147.94
WL1,Mid,1613.837245,1968,12.00375,14.2675,6.673525920702318,33.22,590.76,124.62606980298662,0.14500000000000002,20.305,0,241.72
WL1,Mid,1613.837245,1969,12.633125,14.651250000000001,5.806071291267936,30.1,506.04999999999995,146.76389835747386,3.59,19.075000000000003,0.78,274.8
WL1,Mid,1613.837245,1970,12.34,14.39,6.87847366790046,33.379999999999995,776.5799999999999,149.9976333726116,-0.22999999999999998,18.316666666666666,0,356.95
WL1,Mid,1613.837245,1971,11.09375,14.200000000000001,7.313245688475124,34.65,631.0499999999998,127.26407684709777,-1.315,19.474999999999998,0.82,299.57
WL1,Mid,1613.837245,1972,11.586875,14.68375,6.988188472343888,34.39,506.13000000000005,115.82265525343698,3.74,19.7,0,188.1
WL1,Mid,1613.837245,1973,12.385,14.6425,6.369971406080698,30.08,825.76,137.7348802124096,3.16,19.285,1.99,363.4
WL1,Mid,1613.837245,1974,12.798125,15.723749999999999,6.202030737416346,31.05,377.59999999999997,98.97327453066094,18.205000000000002,17.97,2.22,103.14
WL1,Mid,1613.837245,1975,12.145624999999999,14.94625,5.706415210407619,28.35,400.53,122.60516486599293,9.22,18.51,1.91,195.78
WL1,Mid,1613.837245,1976,12.749375,15.91875,4.423009994417183,30.47,208.43999999999997,92.84003216183211,14.87,14.335,6.61,69.96
WL1,Mid,1613.837245,1977,12.830625,14.681249999999999,6.287007258454308,29.47,587.5,141.35970448610135,4.405,19.77,2.71,300.13
WL1,Mid,1613.837245,1978,11.91,15.1675,6.570171230645363,33.2,326.59999999999997,120.46706900842531,13.82,14.015,0.17,115.99
WL1,Mid,1613.837245,1979,12.749375,14.88625,5.721364371184301,28.43,496.90000000000003,105.21807750111608,4.37,15.885,12.61,162.24
WL1,Mid,1613.837245,1980,12.4875,14.6375,4.853577472928015,27.49,272.45,85.08591965246033,5.775,17.85,26.6,91.79
WL1,Mid,1613.837245,1981,13.2525,14.594999999999999,6.457695851794641,30.18,925.42,128.66613152365468,6.1,20.395,0.09,365.15
WL1,Mid,1613.837245,1982,11.419375,13.49625,6.253323937543708,30.33,905.79,101.6939698304661,3.4699999999999998,18.995,2.53,267.23
WL1,Mid,1613.837245,1983,11.800625,12.78875,5.807932652538988,26.28,1080.2899,146.52986736671474,3.9650000000000003,16.47,21.93,523.0699
WL1,Mid,1613.837245,1984,12.250625,13.58375,7.427651733075343,33.06,574.53,141.46558406156564,3.4299999999999997,19.485,4.86,310.66
WL1,Mid,1613.837245,1985,12.623125,13.59625,6.71717305414158,30.63,531.65,121.59648992905818,3.335,21.12,1.37,233.8
WL1,Mid,1613.837245,1986,12.9025,14.155,5.513285901218204,30.18,229.17000000000002,127.61151999172652,12.254999999999999,20.81,0.69,113.81
WL1,Mid,1613.837245,1987,13.399375000000001,13.528749999999999,6.862807858043862,32.08,369.75,133.85170837624963,0.5599999999999998,20.175,0.08,187.15
WL1,Mid,1613.837245,1988,13.769375,13.99375,7.215254889815052,32.95,469.59,145.71102016850446,5.03,20.82,3.32,238.39
WL1,Mid,1613.837245,1989,13.126875,14.01375,5.116922859841784,28.34,417.58,101.9689734713398,10.155,20.365,0,131.87
WL1,Mid,1613.837245,1990,12.81125,13.985,6.4712450502202445,32.62,273.27,104.85611239622982,10.165,18.61,11.11,117.25
WL1,Mid,1613.837245,1991,13.225,13.81,6.17549419653428,29.11,380.74000000000007,87.21351506313299,14.46,20.18,4.64,116.87
WL1,Mid,1613.837245,1992,13.540000000000001,13.77,6.73892053670319,33.25,602.21,161.598082232829,0.7899999999999996,21.405,2.23,368.88
WL1,Mid,1613.837245,1993,12.49375,13.9925,5.601358094248215,28.89,345.15000000000003,85.80056158188293,2.5,17.3475,0.16,98.55
WL1,Mid,1613.837245,1994,12.8125,14.8475,7.814655188444702,34.38,563.3000000000001,143.28520228821097,1.3199999999999998,21.58,0,287.37
WL2,High,2020.115818,1965,9.56642857142857,13.92142857142857,6.242387840592809,30.51,626.1999999999999,113.7261415071746,3.16,16.15,11.63,277.86
WL2,High,2020.115818,1966,10.957142857142857,13.9,6.149553410033703,30.369999999999997,527.2099999999999,161.906197766364,4.39,10.05,2.9,269.4
WL2,High,2020.115818,1967,10.711428571428572,13.48,6.906835813336015,32.9,430.74,80.62442689358045,-1.665,17.5,24.97,149.54
WL2,High,2020.115818,1968,10.001428571428573,13.028571428571428,6.976320492856361,31.86,601.3100000000001,118.2097032669798,-1.8550000000000002,17.895,1.32,255.09
WL2,High,2020.115818,1969,10.480714285714285,13.038571428571428,6.087661995497825,28.63,535.7199999999999,133.23002638572856,1.6049999999999998,16.825,5.52,289.93
WL2,High,2020.115818,1970,10.066428571428572,13.11,7.336369284987929,32.589999999999996,824.3100000000001,135.55499700569715,-2.455,17.38,0.01,370.99
WL2,High,2020.115818,1971,9.148571428571428,13.228571428571428,7.685255208452587,33.58,591.2700000000001,129.46795148244965,-3.5399999999999996,16.985,7.89,304.22
WL2,High,2020.115818,1972,9.389285714285714,13.35,7.404314298981051,32.94,522.0999999999999,103.5455119418252,1.8450000000000002,17.575,0.01,190.39
WL2,High,2020.115818,1973,10.168571428571427,13.451428571428572,6.6932071997696,28.82,868.9100000000001,127.74553295795313,1.085,16.965,5.9,400.86
WL2,High,2020.115818,1974,10.806428571428572,14.604285714285714,6.530428593825035,29.91,388.15000000000003,84.72792780003128,-0.08499999999999996,15.635,8.61,108.22
WL2,High,2020.115818,1975,10.132142857142858,13.712857142857143,5.91046237414557,27.03,403.72,118.69511970112443,6.864999999999999,16.35,1.96,205.51
WL2,High,2020.115818,1976,10.599285714285715,14.547142857142857,4.58857769228061,28.65,229.06000000000003,80.33189147625289,12.675,2.8449999999999998,18.6,80.93
WL2,High,2020.115818,1977,11.496428571428572,14.092857142857143,6.026290120716694,28.68,502.53,155.48312516542998,2.2350000000000003,17.535,4.71,305.37
WL2,High,2020.115818,1978,9.770714285714286,14.098571428571429,6.983373962832143,32.24,330.51,111.35016365414408,11.530000000000001,11.665000000000001,3.61,118.12
WL2,High,2020.115818,1979,10.63642857142857,13.632857142857143,6.053633698232902,27.02,458.11999999999995,109.42049156897427,2.3449999999999998,15.545,26.88,170.51
WL2,High,2020.115818,1980,10.722857142857142,13.417142857142858,4.8522321814662925,25.67,221.86,89.94720922725278,4.010000000000001,15.59,25.78,93.04
WL2,High,2020.115818,1981,11.37,13.362857142857143,6.79161247422142,29.240000000000002,879.27,129.93176652212097,3.9999999999999996,18.335,0.85,378.43
WL2,High,2020.115818,1982,9.118571428571428,12.02,6.659733925043924,28.939999999999998,933.9000000000001,86.2218360431759,1.3949999999999998,15.895,10.2,269.47
WL2,High,2020.115818,1983,9.614285714285714,11.40857142857143,6.140666649864809,25.08,1110.57,133.44205855549606,1.81,14.17,33.26,535.4
WL2,High,2020.115818,1984,9.849285714285713,12.155714285714286,7.856125226307723,31.71,582.19,135.16854008824205,1.4049999999999998,17.055,15.96,326.35
WL2,High,2020.115818,1985,10.740714285714285,12.19,7.128384826739872,29.119999999999997,556.55,106.68900718164505,1.4949999999999999,16.705,7.42,240.42
WL2,High,2020.115818,1986,10.995,12.767142857142856,5.8627816208122,28.77,201.66,129.30841488152933,9.95,18.794999999999998,0.82,111.17
WL2,High,2020.115818,1987,11.517857142857142,12.672857142857143,7.450992583286504,31.78,336.91,146.09517466310476,-1.625,18.445,0.36,198.92
WL2,High,2020.115818,1988,12.097857142857142,12.984285714285715,7.698438617203956,32.24,452.72,154.38178489515084,3.0100000000000002,13.915,6.72,261.12
WL2,High,2020.115818,1989,11.457142857142857,13.234285714285715,5.321081388482716,27.34,405.24,97.76045804639041,7.935,18.405,0,134.07
WL2,High,2020.115818,1990,11.129285714285714,13.112857142857141,6.888965469364412,31.959999999999997,196.57,55.85524698881486,-1.1099999999999999,13.235,16.82,53.52
WL2,High,2020.115818,1991,11.692142857142857,12.921428571428573,6.230521551966882,28.4,333.72,85.42668855177091,11.805,16.495,15.09,117.31
WL2,High,2020.115818,1992,10.965714285714284,12.617142857142857,7.2312414958586855,32.269999999999996,647.36,141.1665780412011,-1.565,15.18,15.43,380.8
WL2,High,2020.115818,1993,10.352857142857143,13.137142857142857,6.003339249355907,28.02,290.42,95.15817072509991,0.2899999999999996,15.395,0.32,96.37
WL2,High,2020.115818,1994,10.771428571428572,13.64857142857143,8.42611748982774,33.47,520.86,151.22858766732102,-0.875,19.57,0.22,300.63
WR,Mid,1158,1965,13.77875,14.11,6.234805959862974,31.42,654.64,142.59170207407138,6.7749999999999995,20.835,0.8,313.07
WR,Mid,1158,1966,15.029375,14.46875,6.042041659134294,30.779999999999998,745.5699999999999,177.9941436198941,7.760000000000001,18.32,0,416.73
WR,Mid,1158,1967,14.984375,14.43375,7.037307945869642,34.57,575.8399999999999,103.18278614680979,2.66,22.685,1.34,221.86
WR,Mid,1158,1968,13.6575,14.5175,6.667823590090805,33.05,799.85,125.04984868347549,1.91,21.645,0.27,347.04
WR,Mid,1158,1969,14.758125,14.94125,5.7107135765656665,29.779999999999998,715.62,180.82217769280322,5.6,21.285,0,477.01
WR,Mid,1158,1970,14.7475,13.755,7.056991467433454,32.36,1041.61,154.10016824337302,2.115,22.3825,0,485.2
WR,Mid,1158,1971,13.4,14.022499999999999,7.554420181967263,34.57,673.38,131.32448564861429,0.8000000000000003,22.03,6.99,330.78
WR,Mid,1158,1972,13.7325,14.412499999999998,7.243600130953037,34.29,738.4000000000001,118.28605081502475,5.550000000000001,21.625,0,288.91
WR,Mid,1158,1973,14.483125000000001,14.25375,6.760517170358663,30.28,1208.8899000000001,151.91205160157548,4.505,21.85,0.29,641.1699
WR,Mid,1158,1974,15.286249999999999,15.005,6.395451369081443,30.799999999999997,417.56,99.95712375297524,4.125,20.88,3.08,124.58
WR,Mid,1158,1975,14.47125,14.395,5.928031924677869,27.75,492.23999999999995,118.72636571462355,10.829999999999998,20.48,3.24,227.77
WR,Mid,1158,1976,15.24125,15.629999999999999,4.250120796602644,29.71,202.54999999999998,106.6552775536032,17.57,21.380000000000003,0.14,75.01
WR,Mid,1158,1977,14.698125,13.79125,6.370153024344975,28.43,767.25,150.66400439283566,6.225,21.43,7.14,424.72
WR,Mid,1158,1978,14.41125,14.6425,6.576045136923648,32.160000000000004,367.64,117.00693730704825,6.2749999999999995,16.585,0.17,141.18
WR,Mid,1158,1979,14.9875,14.7425,5.693875155438016,28.44,711.3199999999999,112.62384481518866,6.51,18.08,9.11,261.52
WR,Mid,1158,1980,14.795,14.505,4.950248190026147,27.37,345.96,100.57950626311596,7.58,20.305,21.79,130.53
WR,Mid,1158,1981,15.4375,14.4225,6.5290225695953685,29.77,1401.8499000000002,136.21662760467245,8.4,22.542499999999997,0,550.39
WR,Mid,1158,1982,13.6525,14.0925,6.349156299405907,31.5,1051.71,112.4969385756036,5.6,21.145,2.74,342.92
WR,Mid,1158,1983,14.0225,13.3425,6.072938215676871,27.32,1430.0299000000002,141.31602383933858,5.95,18.435000000000002,8.71,599.4199
WR,Mid,1158,1984,14.740625,14.00875,7.745760793353817,34.34,713.72,144.43660187695613,5.39,23.715000000000003,1.27,392.97
WR,Mid,1158,1985,14.739375,13.97125,6.812601473687251,31.33,608.4,136.47338153283232,5.2299999999999995,23.509999999999998,1.34,292.32
WR,Mid,1158,1986,15.070625,14.16625,5.70126705058997,30.99,333.24,139.8449170163198,14.425,23.2,0.01,179.34
WR,Mid,1158,1987,15.47625,13.96,6.760906928807702,31.99,598.91,183.67417318976803,2.6199999999999997,20.987499999999997,0.01,409.12
WR,Mid,1158,1988,15.666875000000001,13.98125,7.191561988837036,32.59,732.44,167.96193349965517,6.585,22.785,2.61,441.57
WR,Mid,1158,1989,15.1275,14.2,4.967476364168372,28.68,485.05,116.3811244976412,12.45,21.865000000000002,0,198.61
WR,Mid,1158,1990,14.85125,14.0425,6.766451776437719,33.25,366.21999999999997,147.49977471229522,12.59,21.22,2.72,206.92
WR,Mid,1158,1991,15.455,14.0475,6.174734812119465,29.720000000000002,524.3,82.78491001502215,16.915,22.48,0.81,129.38
WR,Mid,1158,1992,15.695625,13.97625,6.7787032248590355,33.14,695.2799999999999,167.88894619161343,2.915,23.16,0.34,423.68
WR,Mid,1158,1993,14.615625000000001,13.526250000000001,5.773684412611117,28.75,567.4100000000001,96.11504611893973,4.375,20.175,16.66,207.72
WR,Mid,1158,1994,14.77375,12.9375,7.645058978563494,31.59,763.0300000000001,149.4757389248647,3.88,23.072499999999998,0,331.88
WV,Mid,748.8570558,1965,13.81625,15.697500000000002,6.81114986621202,34.46,407.17,158.91456124278102,6.83,21.725,0.19,234.52
WV,Mid,748.8570558,1966,14.619375,16.37625,6.403401683870847,32.720000000000006,471.97,164.50205830861537,7.005,19.63,4.07,230.42
WV,Mid,748.8570558,1967,14.883125,16.25375,8.026963906332918,38.28,363.78,118.53117849811305,0.12499999999999978,22.849999999999998,7.15,164.06
WV,Mid,748.8570558,1968,13.803749999999999,15.3,7.371770358216927,35.32,627.5400000000001,139.08518636792107,1.0399999999999998,22.825,0.03,327.49
WV,Mid,748.8570558,1969,14.710625,16.13625,6.845364666014095,32.08,545.0300000000001,186.8350984736164,4.03,21.384999999999998,1.88,381.38
WV,Mid,748.8570558,1970,14.32375,16.3725,7.526261522163577,35.11,764.8299999999999,149.26199548958402,6.75,21.745,0.03,371.69
WV,Mid,748.8570558,1971,13.150625,15.67125,7.882694172090802,36.34,438.39000000000004,109.39452006566486,0.10499999999999998,22.105,10.25,153.91
WV,Mid,748.8570558,1972,13.616875,15.478750000000002,7.836837434969724,37,535.87,99.08507586139041,-0.03499999999999992,22.355,0,186.68
WV,Mid,748.8570558,1973,14.524375000000001,15.86875,6.859062012872356,31.240000000000002,823.1599999999999,136.9868040365404,4.67,20.515,1.76,379.14
WV,Mid,748.8570558,1974,14.545,17.662499999999998,7.097693287258897,34.21,293.12,124.66545181228024,2.665,20.475,6.24,144.02
WV,Mid,748.8570558,1975,13.9075,16.515,6.863508057629339,31.45,392.59999999999997,120.50251574977344,10.38,20.235,8.23,166.76
WV,Mid,748.8570558,1976,14.501875,17.29875,5.657239948887241,33.82,153.18,104.81439080916525,17.99,16.17,9.45,62.77
WV,Mid,748.8570558,1977,14.26875,15.7825,7.090881342561425,32.14,631.37,113.40660785009112,4.57,21.770000000000003,10.38,271.33
WV,Mid,748.8570558,1978,13.669375,16.88125,7.226360196975278,35.35,216.26,92.84294960789673,15.65,14.91,4.41,71.36
WV,Mid,748.8570558,1979,14.45125,16.445,6.463006128287804,31.37,584.4,103.5896888411424,5.435,17.625,5.76,179.69
WV,Mid,748.8570558,1980,14.259375,16.61625,5.905171726969504,30.87,296.97999999999996,141.7873486177971,5.285,20.685,0.03,166.07
WV,Mid,748.8570558,1981,14.760625000000001,16.32875,6.6140523765151515,32.31,827.5000000000001,127.5993179338911,4.61,22.145000000000003,0,324.66
WV,Mid,748.8570558,1982,13.44625,16.215,6.628160566854125,32.32,685.77,123.25367601343885,2.83,14.504999999999999,1.86,287.31
WV,Mid,748.8570558,1983,13.746875000000001,14.94375,6.31849379514499,29.82,876.87,127.3057171137454,3.2800000000000002,16.765,88.17,344.28
WV,Mid,748.8570558,1984,13.725,15.8975,7.875575262435483,36.13,626.1700000000001,173.97590803112251,4.234999999999999,21.355,4.63,411.58
WV,Mid,748.8570558,1985,13.893125,16.73375,7.560212080122394,36.02,378.59,84.23336778055334,2.995,23.580000000000002,5.08,101.15
WV,Mid,748.8570558,1986,14.485625,16.86625,6.687484813066868,35.76,339.37,107.00021875625276,14.82,21.96,0,127.52
WV,Mid,748.8570558,1987,15.106875,17.466250000000002,7.128457024740447,35.81,446.38,192.0616426480078,1.8200000000000003,20.615000000000002,0,318.81
WV,Mid,748.8570558,1988,14.84625,17.27,7.476193048604349,36.129999999999995,565.61,159.10338324995195,5.680000000000001,19.095,1.59,336.66
WV,Mid,748.8570558,1989,14.363125,16.89875,5.802881634830849,31.43,292.52,105.71234869460511,11.559999999999999,20.885,0,105.81
WV,Mid,748.8570558,1990,14.138125,16.58625,7.658399188146307,37.8,334.36,124.26895705030242,12.49,16.885,13.39,169.61
WV,Mid,748.8570558,1991,15.220625,17.36625,6.989320137334022,34.49,255.71,102.28021155419952,3.88,21.685000000000002,14.02,89.05
WV,Mid,748.8570558,1992,15.495624999999999,16.25875,7.487398669717388,35.48,494.98999999999995,123.87351079075763,1.63,23.345,0,233.92
WV,Mid,748.8570558,1993,13.99875,16.0425,6.264255599373776,31.36,402.98,107.1842857674665,3.175,19.47,8.32,148.16
WV,Mid,748.8570558,1994,14.203750000000001,16.48,8.319034864179171,36.93,366.72,147.43117720121646,1.925,21.240000000000002,0.03,179.49
YO11,High,2872.295032,1965,6.0089999999999995,14.638,4.792658969716079,25.34,342.77,145.13336899323957,-1.8999999999999997,6.895,17.96,246.55
YO11,High,2872.295032,1966,7.5329999999999995,15.414,5.376970104064184,27.68,182.03,169.439311439385,-0.4450000000000003,4.984999999999999,15.44,149.23
YO11,High,2872.295032,1967,8.471,15.222,4.960868623537616,26.33,197.7,70.45554839935893,1.335,5.95,21.1,83.82
YO11,High,2872.295032,1968,7.11,15.272,5.55001801798877,28.689999999999998,183.21,101.11637958039564,-0.9549999999999996,8.9,23.01,98.44
YO11,High,2872.295032,1969,7.199,15.918000000000001,6.012673490220469,29.14,128.92000000000002,121.01118185469963,1.8250000000000002,9.34,6.97,82.31
YO11,High,2872.295032,1970,7.455,15.437999999999999,6.1792778704311395,28.47,240.91,175.30533249580688,-0.31999999999999984,8.16,1.98,201.4
YO11,High,2872.295032,1971,6.558,15.591999999999999,6.608363640115456,29.47,219.49,83.39145025033422,-1.9250000000000003,7.765,36.9,109.19
YO11,High,2872.295032,1972,5.734,14.864,6.795920099589165,31.25,212.57999999999998,96.12139679062899,-3.4850000000000003,12.645,1.44,101.96
YO11,High,2872.295032,1973,6.396,15.64,6.11001063828861,29.64,307.83000000000004,149.39056687127595,-3.025,8.135,7.33,225.1
YO11,High,2872.295032,1974,7.1000000000000005,15.812,5.400333323045903,26.84,156.85,72.01122080633293,11.350000000000001,9.91,16.22,56.1
YO11,High,2872.295032,1975,6.739,15.286,5.639550514003754,28.240000000000002,219.11,105.74114819966692,2.695,11.935,2.16,124.15
YO11,High,2872.295032,1976,7.088,15.196,3.917102883509699,25.47,179.06,60.857572989666814,8.105,4.325,51.36,66.4
YO11,High,2872.295032,1977,7.808,15.672,5.027717673060014,27.009999999999998,154.17000000000002,161.7560462831955,0.7150000000000003,12.305,10.58,122.86
YO11,High,2872.295032,1978,6.404,15.1,5.883533589604125,28.700000000000003,187.54999999999998,111.18358830710321,6.449999999999999,11.275,9.42,84.74
YO11,High,2872.295032,1979,7.199,15.213999999999999,5.726237202561555,28.169999999999998,181.24,95.86963439476958,-1.7699999999999996,10.735,11.57,76.89
YO11,High,2872.295032,1980,7.433000000000001,14.450000000000001,4.750640220012457,26.020000000000003,89.75999999999999,50.80743390010562,8.47,11.18,11,27.96
YO11,High,2872.295032,1981,7.543000000000001,14.486,6.560319733061797,28.26,295.09000000000003,126.0836674729468,-0.77,13.795000000000002,3.56,171.04
YO11,High,2872.295032,1982,6.119,13.362,6.555144353864376,28.93,493.33,65.33553543643372,-3.1550000000000002,11.26,41.35,176.93
YO11,High,2872.295032,1983,6.492999999999999,14.006,5.316650261207708,25.47,381.21000000000004,145.0248830390854,-2.1900000000000004,9.579999999999998,52.55,273.8
YO11,High,2872.295032,1984,6.867,13.954,7.084305364677613,29.200000000000003,374.31,97.10589516860932,-2.7900000000000005,10.115,51.2,200.78
YO11,High,2872.295032,1985,6.571,13.182,7.014571797337311,29.64,319.39,85.54569046836168,-3.12,12.845,31.55,148.87
YO11,High,2872.295032,1986,6.612,14.752,5.8852130377752685,28.86,76.26,78.6749758520166,4.44,-0.20999999999999996,7.52,36.42
YO11,High,2872.295032,1987,7.97,15.244,5.9366836280873185,29.68,125.93,114.35216482192058,-1.5,13.370000000000001,1.12,71.58
YO11,High,2872.295032,1988,8.502,15.376,6.357502064490423,31.21,166.47,145.08454976690507,-1.85,7.265,15.05,121.53
YO11,High,2872.295032,1989,6.97,14.12,5.250372605825229,26.72,187.87,65.1771337296569,7.59,13.379999999999999,0.12,60.38
YO11,High,2872.295032,1990,7.359,14.978,4.989842682890915,27.06,117.27,63.03033570216274,12.01,5.79,48.18,48.18
YO11,High,2872.295032,1991,8.498000000000001,15.068,5.345886970372644,27.32,169.82999999999998,91.31135584055295,5.8500000000000005,13.15,7.72,78.83
YO11,High,2872.295032,1992,8.085999999999999,14.908,5.566331152563598,28.259999999999998,143.13,68.98625379805505,6.34,-0.7400000000000002,27.47,57.86
YO11,High,2872.295032,1993,7.416,15.632,5.392417593250731,27.27,46.510000000000005,124.12257396365764,-0.6750000000000003,11.73,0,27.8
YO11,High,2872.295032,1994,7.252,14.316,8.462482348578341,33.760000000000005,278.18,144.77221065991603,-5.38,14.51,5.02,197.98
YO4,High,2157.57391,1965,9.357142857142858,13.742857142857144,6.055768501425491,29.68,657.1800000000001,143.69149197638754,2.78,10.355,16.09,374.86
YO4,High,2157.57391,1966,10.862142857142857,14.127142857142857,6.106842376345062,30.23,548.84,163.29930306763376,1.4,14.184999999999999,0,311.16
YO4,High,2157.57391,1967,10.812142857142856,13.704285714285714,6.989673250078084,33.59,303.09,104.27054954306227,-1.58,17.79,18.14,130.26
YO4,High,2157.57391,1968,10.088571428571429,13.391428571428571,6.93863682234349,31.55,578.12,132.3449954150365,-1.7049999999999998,13.995000000000001,3.75,292.6
YO4,High,2157.57391,1969,10.256428571428572,13.595714285714285,6.3137401186392115,29.79,410.58,116.72299151425065,1.29,17.715,0.07,177.95
YO4,High,2157.57391,1970,10.127142857142857,13.35142857142857,7.426166494869597,32.97,651.42,142.63474401109502,3.9400000000000004,16.205,0,293.5
YO4,High,2157.57391,1971,8.974285714285713,13.608571428571429,7.841348963757993,34.06,550.1999999999999,150.6208284583253,-3.935,16.705,8.62,316.53
YO4,High,2157.57391,1972,8.904285714285713,13.01142857142857,7.395028977051313,32.550000000000004,420.34,102.74691733724335,1.1999999999999997,17.425,0,152.73
YO4,High,2157.57391,1973,10.243571428571428,12.987142857142858,6.4869199896700565,27.87,609.0300000000001,127.51063941900779,1.36,16.735,0,265.85
YO4,High,2157.57391,1974,11.014285714285714,13.062857142857142,6.768419577082125,29.22,297.56,107.31055490561802,0.1200000000000001,15.3325,0.43,121.16
YO4,High,2157.57391,1975,10.502142857142857,13.001428571428571,5.814777766707037,26.21,308.21999999999997,141.4805608075283,7.3549999999999995,16.555,0,183.45
YO4,High,2157.57391,1976,10.709285714285715,13.227142857142857,4.341060189795641,26.25,170.10000000000002,71.26374428568809,13.580000000000002,11.8,10.13,47.42
YO4,High,2157.57391,1977,11.627857142857144,13.02142857142857,5.774434934218569,27.48,505.8599999999999,159.72312350526423,2.6399999999999997,17.58,0,318.52
YO4,High,2157.57391,1978,9.764285714285714,12.965714285714284,7.059399424745369,30.939999999999998,342.48,113.77978368204153,11.149999999999999,11.665000000000001,2.24,120.55
YO4,High,2157.57391,1979,10.742142857142857,13.004285714285714,5.809099799124687,25.97,367.60999999999996,125.25398247242555,3.04,13.375,7.92,162.3
YO4,High,2157.57391,1980,10.964285714285715,12.885714285714286,4.852460225297601,25.830000000000002,165.9,128.83386704596018,4.095000000000001,15.905,11.81,91.43
YO4,High,2157.57391,1981,11.416428571428572,12.644285714285715,6.74691084514839,28.18,605.5699999999999,123.09730669782424,3.985,15.530000000000001,1.28,241
YO4,High,2157.57391,1982,8.95357142857143,11.33,6.599955627556469,28.11,878.3599999999999,85.9069811413418,1.355,15.515,9.21,262.24
YO4,High,2157.57391,1983,9.377142857142857,11.4,5.954689228626781,24.86,929.88,134.90666632163374,0.29500000000000015,13.620000000000001,24.9,395.98
YO4,High,2157.57391,1984,9.752142857142857,11.692857142857143,7.980538232236625,31.07,462.74999999999994,139.4831662403353,1.3550000000000002,17.61,13.11,266.19
YO4,High,2157.57391,1985,10.360714285714286,11.995714285714286,6.76505815974718,28.18,483.75000000000006,100.49662031619337,1.475,16.35,20.8,187.07
YO4,High,2157.57391,1986,10.247142857142858,12.842857142857143,5.963655099253909,29,129.82999999999998,131.36278731504214,9.21,14.270000000000001,1.19,72.07
YO4,High,2157.57391,1987,10.747142857142856,12.708571428571428,7.367599596172678,31.82,307.76000000000005,120.08211549990901,-2.045,17.650000000000002,0,129.96
YO4,High,2157.57391,1988,11.327857142857143,13.401428571428571,7.457106150703311,33.49,352.11,146.9371091132935,2.605,12.780000000000001,13.8,180.1
YO4,High,2157.57391,1989,10.888571428571428,12.942857142857143,5.303328918617779,27.939999999999998,319.78000000000003,107.62708458718879,7.505,17.99,0,124.28
YO4,High,2157.57391,1990,10.692142857142857,13.147142857142857,6.511485914100084,30.89,139.45,84.10519585636872,4.265,16.205,14.28,47.98
YO4,High,2157.57391,1991,11.765,12.864285714285714,6.264666790819764,29.24,302.38,111.83640816333198,11.345,17,2.63,124.48
YO4,High,2157.57391,1992,11.015,12.064285714285715,7.217247282263047,32.83,539.0600000000001,139.20132511035067,-1.85,14.694999999999999,4.18,306.76
YO4,High,2157.57391,1993,10.599285714285715,13.001428571428571,5.7837044275068115,27.91,244.91000000000003,100.8232014770807,1.3350000000000002,15.7,0,88.58
YO4,High,2157.57391,1994,10.782857142857143,12.5,8.109276507567767,31.78,473.26000000000005,133.9887100132737,-0.665,18.69,0.61,251.74
YO7,High,2469.978665,1965,8.615,14.526000000000002,5.014573760550342,25.62,526.97,151.614077098837,0.33499999999999996,8.115,25.05,390.12
YO7,High,2469.978665,1966,9.952,14.944,5.391225046313686,27.62,244.17999999999998,196.33925206595353,1.6099999999999999,8.035,2.78,223.39
YO7,High,2469.978665,1967,10.795,14.626,5.022079997371606,26.119999999999997,184.74,81.71543241516088,3.5400000000000005,8.305,23.19,87.72
YO7,High,2469.978665,1968,9.318,14.124,5.477522934684984,27.740000000000002,285.54999999999995,121.28293544976883,0.9850000000000003,11.47,8.33,172.43
YO7,High,2469.978665,1969,9.535,14.754,5.832232634249083,27.590000000000003,206.16,138.74336016049259,4.155,15.195,0.42,137.41
YO7,High,2469.978665,1970,9.702,14.491999999999999,5.975538260274131,27.81,332.55,198.07724082653198,1.6849999999999996,10.565000000000001,0.11,304.92
YO7,High,2469.978665,1971,8.797,14.402000000000001,6.510087941034284,28.84,266.72,129.89802818526584,0.2200000000000002,14.2,21.78,178.56
YO7,High,2469.978665,1972,7.803,13.838000000000001,6.7449060408577965,29.96,278.06,97.72348536979867,-1.2650000000000001,14.835,0.17,146.33
YO7,High,2469.978665,1973,8.756,14.216000000000001,6.297287511301989,28.990000000000002,406.22,142.8953992424686,-1.17,14.045,0.67,280.69
YO7,High,2469.978665,1974,9.876,14.16,5.520431821877705,26.22,193.82999999999998,90.22936700698942,6.63,13.36,3.62,82
YO7,High,2469.978665,1975,9.11,13.847999999999999,5.698857341608052,26.61,302.28,126.65161222169037,5.005,14.045,0.1,195.62
YO7,High,2469.978665,1976,9.405,13.922,3.7040197758651345,23.669999999999998,192.01,49.06114576717916,10.469999999999999,14.225,22.64,65.75
YO7,High,2469.978665,1977,10.209999999999999,14.459999999999999,4.9862448295285295,26.330000000000002,161.06,170.14809601059463,2.97,15.02,0.44,132.57
YO7,High,2469.978665,1978,8.943,13.938,5.995842934900813,28.14,265.89,125.84772208442129,8.809999999999999,9.135000000000002,5.96,149.7
YO7,High,2469.978665,1979,9.345,13.922,5.6651202546812724,27.01,219.36,119.83633327797118,0.4450000000000003,13.05,13.36,113.78
YO7,High,2469.978665,1980,9.855,13.754000000000001,4.482297123127828,24.91,93.52,53.29170041471132,3.2150000000000003,13.205,20.52,29.98
YO7,High,2469.978665,1981,9.843,13.642,6.490389626208892,27.64,402.30999999999995,127.18739493835037,1.54,15.215,2.75,234.59
YO7,High,2469.978665,1982,8.085,12.478,6.280002985668079,27.64,553.74,90.25065169881702,-0.9499999999999997,13.055,16.2,232.62
YO7,High,2469.978665,1983,8.459,12.766,5.293567322704038,24.52,551.78,151.74325654420446,-0.31000000000000005,11.35,37.55,409.03
YO7,High,2469.978665,1984,9.142,12.98,7.326880816554886,28.65,432.01,134.3261544970807,-0.8250000000000002,14.809999999999999,27.52,286.81
YO7,High,2469.978665,1985,8.601,12.766,6.850578807662897,29.400000000000002,379.98,89.794340643833,-0.9649999999999999,14.285,45.62,188.04
YO7,High,2469.978665,1986,8.7,13.868,5.538050198400156,27.470000000000002,115.19999999999999,132.41960242938006,6.59,15.61,2.72,78.19
YO7,High,2469.978665,1987,10.159,14.209999999999999,5.778692975059326,28.57,181.66,120.69580127319625,0.7150000000000003,15.41,0.06,88.13
YO7,High,2469.978665,1988,10.943000000000001,14.714,6.45588065255237,30.509999999999998,228.76999999999998,160.05339853356304,0.20000000000000018,10.315000000000001,30.02,178.01
YO7,High,2469.978665,1989,9.483,13.450000000000001,5.0529639816646235,25.970000000000002,298.51,85.59607480591535,5.275,15.55,0,120.17
YO7,High,2469.978665,1990,10.07,14.076,5.076025758405881,26.38,129.1,70.94903508478265,1.9100000000000001,8.915000000000001,41.92,49.72
YO7,High,2469.978665,1991,10.987,14.562,5.266168673713367,26.91,221.76999999999998,116.97841698955335,8.605,14.379999999999999,7.37,124.44
YO7,High,2469.978665,1992,10.438,14.120000000000001,5.372621101473657,28.11,212.14999999999998,102.3984429528719,13.64,12.165,12.36,95.47
YO7,High,2469.978665,1993,9.682,15.464,5.000394484438203,27.52,85.9,132.35747074618592,7.205,13.4825,0,50.13
YO7,High,2469.978665,1994,9.399000000000001,13.905999999999999,8.232964532900649,33.29,386.10999999999996,147.03904347518034,-3.1450000000000005,16.32,1.94,277.12
YO8,High,2590.97836,1965,8.04,14.840000000000002,5.018160768648211,25.96,519.61,152.81731060777412,-0.2650000000000001,7.55,24.14,387.51
YO8,High,2590.97836,1966,9.394,15.164,5.3777125713448095,27.830000000000002,243.85999999999999,194.34650560239814,1.0549999999999997,7.505,3.92,221.3
YO8,High,2590.97836,1967,10.274,14.943999999999999,5.012605859231304,26.4,191.07,80.69853853471142,2.995,7.84,20.78,89.83
YO8,High,2590.97836,1968,8.804,14.488,5.479345763866339,28.13,276.34000000000003,122.78576211494888,0.46499999999999986,10.924999999999999,9,168.83
YO8,High,2590.97836,1969,9.02,15.144,5.847279281854083,28.080000000000002,204.51999999999998,137.70959221556484,3.695,14.68,0.56,135.79
YO8,High,2590.97836,1970,9.183,14.806,6.00816798200583,28.14,331.21,197.30189049230398,1.125,10.045,0.14,302.76
YO8,High,2590.97836,1971,8.253,14.81,6.517135682184313,29.189999999999998,267.60999999999996,127.19087408925866,-0.3250000000000002,13.65,22.15,176.76
YO8,High,2590.97836,1972,7.265,14.182,6.721418191126037,30.310000000000002,276.75,98.52648525410495,-1.8150000000000004,14.25,0.22,145.28
YO8,High,2590.97836,1973,8.184000000000001,14.624,6.2879511766552385,29.34,403.98,143.7581778878566,-1.7349999999999999,13.45,0.9,280.4
YO8,High,2590.97836,1974,9.289,14.53,5.498730989964866,26.509999999999998,193.85999999999999,88.87466416903929,6.0249999999999995,12.725000000000001,5.15,81.72
YO8,High,2590.97836,1975,8.556000000000001,14.228,5.681808030900024,26.96,297.94,126.5327275167613,4.505,13.495000000000001,0.16,192.84
YO8,High,2590.97836,1976,8.863,14.286,3.69725675332401,24.08,190.76999999999998,48.30550378271307,9.93,6.1850000000000005,25.39,67.04
YO8,High,2590.97836,1977,9.658,14.796,4.976698956135482,26.61,161.37,170.10185187683595,2.4299999999999997,14.44,0.69,132.85
YO8,High,2590.97836,1978,8.369,14.282,5.979899037609247,28.39,262.62,126.11596770242694,8.29,8.54,6.15,148.61
YO8,High,2590.97836,1979,8.799,14.293999999999999,5.673193985754408,27.37,220.05999999999997,117.3237489074465,-0.1299999999999999,12.52,14.81,111.5
YO8,High,2590.97836,1980,9.293999999999999,14.056,4.499690822712156,25.29,99.72,47.22529597199836,2.58,12.665,21.46,29.79
YO8,High,2590.97836,1981,9.271,13.934,6.529981240401844,28.02,397.08000000000004,126.58367053739447,0.8799999999999999,15.47,2.45,230.22
YO8,High,2590.97836,1982,7.602,12.819999999999999,6.328810709762143,28.08,551.04,88.61059164200412,-1.5150000000000001,12.555,17.77,226.22
YO8,High,2590.97836,1983,7.9479999999999995,13.12,5.302770030842371,24.84,539.68,154.01603143829908,-0.8500000000000001,10.815,36.43,405.02
YO8,High,2590.97836,1984,8.597999999999999,13.312,7.3020524511948,28.93,435.96999999999997,132.40283319334367,-1.3850000000000002,14.254999999999999,28.62,286.78
YO8,High,2590.97836,1985,8.1,12.991999999999999,6.887657439216906,29.689999999999998,380.43,89.13337620965468,-1.5450000000000004,13.875,44.98,186.96
YO8,High,2590.97836,1986,8.192,14.168000000000001,5.582110487978539,27.880000000000003,109.06,130.0312310175159,6.04,15.14,3.05,73.49
YO8,High,2590.97836,1987,9.62,14.516,5.810993890893364,28.92,178.81000000000003,119.6357726066038,0.1349999999999998,14.895000000000001,0.06,87.89
YO8,High,2590.97836,1988,10.385,15.006,6.473973856913542,30.88,227.48000000000002,157.75821702733887,-0.3999999999999999,9.735,29.84,175.18
YO8,High,2590.97836,1989,8.953,13.666,5.036215841284009,26.12,295.45,84.23892623649122,4.775,15.02,0,115.55
YO8,High,2590.97836,1990,9.521,14.31,5.036242895254358,26.55,130.39,69.91202591801647,1.4049999999999998,8.435,44.77,47.91
YO8,High,2590.97836,1991,10.45,14.644,5.263179884822482,27,223.85,114.12638695872369,8.08,13.915,6.67,122.66
YO8,High,2590.97836,1992,9.92,14.276,5.415259689063858,28.22,204.85,97.73549679242747,13.139999999999999,11.66,14.34,86.98
YO8,High,2590.97836,1993,9.157,15.486,5.06496372148903,27.55,83.13000000000001,131.14190724956921,6.640000000000001,12.485,0.02,47.41
YO8,High,2590.97836,1994,8.919,14.062,8.265462328266942,33.43,379.67,148.05668204561871,-3.6649999999999996,15.870000000000001,1.86,274.12
